month_end,condition,demographics_type,demographics_values,rate_per_100000_visits
2025-12,Anxiety Disorders,Sex,All,2338
2025-12,Anxiety Disorders,Sex,Female,2676
2025-12,Anxiety Disorders,Sex,Male,1919
2025-11,Anxiety Disorders,Sex,All,2578
2025-11,Anxiety Disorders,Sex,Female,2963
2025-11,Anxiety Disorders,Sex,Male,2102
2025-10,Anxiety Disorders,Sex,All,2614
2025-10,Anxiety Disorders,Sex,Female,3032
2025-10,Anxiety Disorders,Sex,Male,2102
2025-09,Anxiety Disorders,Sex,All,2583
2025-09,Anxiety Disorders,Sex,Female,3001
2025-09,Anxiety Disorders,Sex,Male,2071
2025-08,Anxiety Disorders,Sex,All,2604
2025-08,Anxiety Disorders,Sex,Female,3032
2025-08,Anxiety Disorders,Sex,Male,2085
2025-07,Anxiety Disorders,Sex,All,2635
2025-07,Anxiety Disorders,Sex,Female,3064
2025-07,Anxiety Disorders,Sex,Male,2119
2025-06,Anxiety Disorders,Sex,All,2616
2025-06,Anxiety Disorders,Sex,Female,3043
2025-06,Anxiety Disorders,Sex,Male,2102
2025-05,Anxiety Disorders,Sex,All,2552
2025-05,Anxiety Disorders,Sex,Female,2962
2025-05,Anxiety Disorders,Sex,Male,2056
2025-04,Anxiety Disorders,Sex,All,2564
2025-04,Anxiety Disorders,Sex,Female,2972
2025-04,Anxiety Disorders,Sex,Male,2060
2025-03,Anxiety Disorders,Sex,All,2546
2025-03,Anxiety Disorders,Sex,Female,2945
2025-03,Anxiety Disorders,Sex,Male,2056
2025-02,Anxiety Disorders,Sex,All,2390
2025-02,Anxiety Disorders,Sex,Female,2755
2025-02,Anxiety Disorders,Sex,Male,1945
2025-01,Anxiety Disorders,Sex,All,2333
2025-01,Anxiety Disorders,Sex,Female,2673
2025-01,Anxiety Disorders,Sex,Male,1916
2024-12,Anxiety Disorders,Sex,All,2273
2024-12,Anxiety Disorders,Sex,Female,2602
2024-12,Anxiety Disorders,Sex,Male,1868
2024-11,Anxiety Disorders,Sex,All,2457
2024-11,Anxiety Disorders,Sex,Female,2830
2024-11,Anxiety Disorders,Sex,Male,1998
2024-10,Anxiety Disorders,Sex,All,2482
2024-10,Anxiety Disorders,Sex,Female,2877
2024-10,Anxiety Disorders,Sex,Male,2003
2024-09,Anxiety Disorders,Sex,All,2492
2024-09,Anxiety Disorders,Sex,Female,2896
2024-09,Anxiety Disorders,Sex,Male,2003
2024-08,Anxiety Disorders,Sex,All,2522
2024-08,Anxiety Disorders,Sex,Female,2928
2024-08,Anxiety Disorders,Sex,Male,2031
2024-07,Anxiety Disorders,Sex,All,2534
2024-07,Anxiety Disorders,Sex,Female,2929
2024-07,Anxiety Disorders,Sex,Male,2056
2024-06,Anxiety Disorders,Sex,All,2484
2024-06,Anxiety Disorders,Sex,Female,2886
2024-06,Anxiety Disorders,Sex,Male,2001
2024-05,Anxiety Disorders,Sex,All,2425
2024-05,Anxiety Disorders,Sex,Female,2818
2024-05,Anxiety Disorders,Sex,Male,1951
2024-04,Anxiety Disorders,Sex,All,2448
2024-04,Anxiety Disorders,Sex,Female,2837
2024-04,Anxiety Disorders,Sex,Male,1980
2024-03,Anxiety Disorders,Sex,All,2447
2024-03,Anxiety Disorders,Sex,Female,2825
2024-03,Anxiety Disorders,Sex,Male,1998
2024-02,Anxiety Disorders,Sex,All,2437
2024-02,Anxiety Disorders,Sex,Female,2809
2024-02,Anxiety Disorders,Sex,Male,1996
2024-01,Anxiety Disorders,Sex,All,2433
2024-01,Anxiety Disorders,Sex,Female,2796
2024-01,Anxiety Disorders,Sex,Male,1998
2023-12,Anxiety Disorders,Sex,All,2227
2023-12,Anxiety Disorders,Sex,Female,2563
2023-12,Anxiety Disorders,Sex,Male,1828
2023-11,Anxiety Disorders,Sex,All,2358
2023-11,Anxiety Disorders,Sex,Female,2736
2023-11,Anxiety Disorders,Sex,Male,1907
2023-10,Anxiety Disorders,Sex,All,2474
2023-10,Anxiety Disorders,Sex,Female,2899
2023-10,Anxiety Disorders,Sex,Male,1974
2023-09,Anxiety Disorders,Sex,All,2475
2023-09,Anxiety Disorders,Sex,Female,2908
2023-09,Anxiety Disorders,Sex,Male,1970
2023-08,Anxiety Disorders,Sex,All,2529
2023-08,Anxiety Disorders,Sex,Female,2976
2023-08,Anxiety Disorders,Sex,Male,2006
2023-07,Anxiety Disorders,Sex,All,2563
2023-07,Anxiety Disorders,Sex,Female,3004
2023-07,Anxiety Disorders,Sex,Male,2051
2023-06,Anxiety Disorders,Sex,All,2529
2023-06,Anxiety Disorders,Sex,Female,2962
2023-06,Anxiety Disorders,Sex,Male,2020
2023-05,Anxiety Disorders,Sex,All,2482
2023-05,Anxiety Disorders,Sex,Female,2919
2023-05,Anxiety Disorders,Sex,Male,1967
2023-04,Anxiety Disorders,Sex,All,2548
2023-04,Anxiety Disorders,Sex,Female,2985
2023-04,Anxiety Disorders,Sex,Male,2030
2023-03,Anxiety Disorders,Sex,All,2573
2023-03,Anxiety Disorders,Sex,Female,2986
2023-03,Anxiety Disorders,Sex,Male,2080
2023-02,Anxiety Disorders,Sex,All,2596
2023-02,Anxiety Disorders,Sex,Female,3021
2023-02,Anxiety Disorders,Sex,Male,2087
2023-01,Anxiety Disorders,Sex,All,2662
2023-01,Anxiety Disorders,Sex,Female,3075
2023-01,Anxiety Disorders,Sex,Male,2165
2022-12,Anxiety Disorders,Sex,All,2303
2022-12,Anxiety Disorders,Sex,Female,2678
2022-12,Anxiety Disorders,Sex,Male,1862
2022-11,Anxiety Disorders,Sex,All,2198
2022-11,Anxiety Disorders,Sex,Female,2570
2022-11,Anxiety Disorders,Sex,Male,1757
2022-10,Anxiety Disorders,Sex,All,2342
2022-10,Anxiety Disorders,Sex,Female,2769
2022-10,Anxiety Disorders,Sex,Male,1843
2022-09,Anxiety Disorders,Sex,All,2409
2022-09,Anxiety Disorders,Sex,Female,2858
2022-09,Anxiety Disorders,Sex,Male,1891
2022-08,Anxiety Disorders,Sex,All,2484
2022-08,Anxiety Disorders,Sex,Female,2938
2022-08,Anxiety Disorders,Sex,Male,1957
2022-07,Anxiety Disorders,Sex,All,2490
2022-07,Anxiety Disorders,Sex,Female,2933
2022-07,Anxiety Disorders,Sex,Male,1975
2022-06,Anxiety Disorders,Sex,All,2476
2022-06,Anxiety Disorders,Sex,Female,2929
2022-06,Anxiety Disorders,Sex,Male,1947
2022-05,Anxiety Disorders,Sex,All,2470
2022-05,Anxiety Disorders,Sex,Female,2927
2022-05,Anxiety Disorders,Sex,Male,1943
2022-04,Anxiety Disorders,Sex,All,2629
2022-04,Anxiety Disorders,Sex,Female,3124
2022-04,Anxiety Disorders,Sex,Male,2072
2022-03,Anxiety Disorders,Sex,All,2746
2022-03,Anxiety Disorders,Sex,Female,3240
2022-03,Anxiety Disorders,Sex,Male,2193
2022-02,Anxiety Disorders,Sex,All,2844
2022-02,Anxiety Disorders,Sex,Female,3366
2022-02,Anxiety Disorders,Sex,Male,2268
2022-01,Anxiety Disorders,Sex,All,2476
2022-01,Anxiety Disorders,Sex,Female,2891
2022-01,Anxiety Disorders,Sex,Male,2017
2021-12,Anxiety Disorders,Sex,All,2378
2021-12,Anxiety Disorders,Sex,Female,2785
2021-12,Anxiety Disorders,Sex,Male,1926
2021-11,Anxiety Disorders,Sex,All,2603
2021-11,Anxiety Disorders,Sex,Female,3088
2021-11,Anxiety Disorders,Sex,Male,2068
2021-10,Anxiety Disorders,Sex,All,2714
2021-10,Anxiety Disorders,Sex,Female,3254
2021-10,Anxiety Disorders,Sex,Male,2123
2021-09,Anxiety Disorders,Sex,All,2671
2021-09,Anxiety Disorders,Sex,Female,3219
2021-09,Anxiety Disorders,Sex,Male,2077
2021-08,Anxiety Disorders,Sex,All,2606
2021-08,Anxiety Disorders,Sex,Female,3140
2021-08,Anxiety Disorders,Sex,Male,2025
2021-07,Anxiety Disorders,Sex,All,2752
2021-07,Anxiety Disorders,Sex,Female,3296
2021-07,Anxiety Disorders,Sex,Male,2152
2021-06,Anxiety Disorders,Sex,All,2888
2021-06,Anxiety Disorders,Sex,Female,3459
2021-06,Anxiety Disorders,Sex,Male,2263
2021-05,Anxiety Disorders,Sex,All,2949
2021-05,Anxiety Disorders,Sex,Female,3535
2021-05,Anxiety Disorders,Sex,Male,2307
2021-04,Anxiety Disorders,Sex,All,3034
2021-04,Anxiety Disorders,Sex,Female,3623
2021-04,Anxiety Disorders,Sex,Male,2388
2021-03,Anxiety Disorders,Sex,All,3252
2021-03,Anxiety Disorders,Sex,Female,3883
2021-03,Anxiety Disorders,Sex,Male,2571
2021-02,Anxiety Disorders,Sex,All,3387
2021-02,Anxiety Disorders,Sex,Female,4013
2021-02,Anxiety Disorders,Sex,Male,2701
2021-01,Anxiety Disorders,Sex,All,3324
2021-01,Anxiety Disorders,Sex,Female,3931
2021-01,Anxiety Disorders,Sex,Male,2651
2020-12,Anxiety Disorders,Sex,All,3192
2020-12,Anxiety Disorders,Sex,Female,3791
2020-12,Anxiety Disorders,Sex,Male,2537
2020-11,Anxiety Disorders,Sex,All,3203
2020-11,Anxiety Disorders,Sex,Female,3836
2020-11,Anxiety Disorders,Sex,Male,2500
2020-10,Anxiety Disorders,Sex,All,3382
2020-10,Anxiety Disorders,Sex,Female,4091
2020-10,Anxiety Disorders,Sex,Male,2598
2020-09,Anxiety Disorders,Sex,All,3570
2020-09,Anxiety Disorders,Sex,Female,4334
2020-09,Anxiety Disorders,Sex,Male,2737
2020-08,Anxiety Disorders,Sex,All,3567
2020-08,Anxiety Disorders,Sex,Female,4337
2020-08,Anxiety Disorders,Sex,Male,2734
2020-07,Anxiety Disorders,Sex,All,3485
2020-07,Anxiety Disorders,Sex,Female,4233
2020-07,Anxiety Disorders,Sex,Male,2678
2020-06,Anxiety Disorders,Sex,All,3576
2020-06,Anxiety Disorders,Sex,Female,4345
2020-06,Anxiety Disorders,Sex,Male,2758
2020-05,Anxiety Disorders,Sex,All,3794
2020-05,Anxiety Disorders,Sex,Female,4583
2020-05,Anxiety Disorders,Sex,Male,2964
2020-04,Anxiety Disorders,Sex,All,3813
2020-04,Anxiety Disorders,Sex,Female,4595
2020-04,Anxiety Disorders,Sex,Male,3009
2020-03,Anxiety Disorders,Sex,All,3008
2020-03,Anxiety Disorders,Sex,Female,3599
2020-03,Anxiety Disorders,Sex,Male,2354
2020-02,Anxiety Disorders,Sex,All,2873
2020-02,Anxiety Disorders,Sex,Female,3426
2020-02,Anxiety Disorders,Sex,Male,2237
2020-01,Anxiety Disorders,Sex,All,2787
2020-01,Anxiety Disorders,Sex,Female,3293
2020-01,Anxiety Disorders,Sex,Male,2193
2019-12,Anxiety Disorders,Sex,All,2678
2019-12,Anxiety Disorders,Sex,Female,3178
2019-12,Anxiety Disorders,Sex,Male,2099
2019-11,Anxiety Disorders,Sex,All,2786
2019-11,Anxiety Disorders,Sex,Female,3341
2019-11,Anxiety Disorders,Sex,Male,2145
2019-10,Anxiety Disorders,Sex,All,2886
2019-10,Anxiety Disorders,Sex,Female,3473
2019-10,Anxiety Disorders,Sex,Male,2215
2019-09,Anxiety Disorders,Sex,All,2919
2019-09,Anxiety Disorders,Sex,Female,3506
2019-09,Anxiety Disorders,Sex,Male,2251
2019-08,Anxiety Disorders,Sex,All,2990
2019-08,Anxiety Disorders,Sex,Female,3600
2019-08,Anxiety Disorders,Sex,Male,2296
2019-07,Anxiety Disorders,Sex,All,2921
2019-07,Anxiety Disorders,Sex,Female,3508
2019-07,Anxiety Disorders,Sex,Male,2251
2019-06,Anxiety Disorders,Sex,All,2809
2019-06,Anxiety Disorders,Sex,Female,3381
2019-06,Anxiety Disorders,Sex,Male,2153
2019-05,Anxiety Disorders,Sex,All,2768
2019-05,Anxiety Disorders,Sex,Female,3319
2019-05,Anxiety Disorders,Sex,Male,2126
2019-04,Anxiety Disorders,Sex,All,2749
2019-04,Anxiety Disorders,Sex,Female,3263
2019-04,Anxiety Disorders,Sex,Male,2117
2019-03,Anxiety Disorders,Sex,All,2677
2019-03,Anxiety Disorders,Sex,Female,3166
2019-03,Anxiety Disorders,Sex,Male,2070
2019-02,Anxiety Disorders,Sex,All,2581
2019-02,Anxiety Disorders,Sex,Female,3042
2019-02,Anxiety Disorders,Sex,Male,2007
2019-01,Anxiety Disorders,Sex,All,2528
2019-01,Anxiety Disorders,Sex,Female,2958
2019-01,Anxiety Disorders,Sex,Male,1990
2025-12,Any Mental Health,Sex,All,4707
2025-12,Any Mental Health,Sex,Female,4802
2025-12,Any Mental Health,Sex,Male,4585
2025-11,Any Mental Health,Sex,All,5204
2025-11,Any Mental Health,Sex,Female,5325
2025-11,Any Mental Health,Sex,Male,5051
2025-10,Any Mental Health,Sex,All,5284
2025-10,Any Mental Health,Sex,Female,5456
2025-10,Any Mental Health,Sex,Male,5068
2025-09,Any Mental Health,Sex,All,5201
2025-09,Any Mental Health,Sex,Female,5379
2025-09,Any Mental Health,Sex,Male,4979
2025-08,Any Mental Health,Sex,All,5169
2025-08,Any Mental Health,Sex,Female,5339
2025-08,Any Mental Health,Sex,Male,4961
2025-07,Any Mental Health,Sex,All,5249
2025-07,Any Mental Health,Sex,Female,5416
2025-07,Any Mental Health,Sex,Male,5045
2025-06,Any Mental Health,Sex,All,5242
2025-06,Any Mental Health,Sex,Female,5413
2025-06,Any Mental Health,Sex,Male,5035
2025-05,Any Mental Health,Sex,All,5190
2025-05,Any Mental Health,Sex,Female,5341
2025-05,Any Mental Health,Sex,Male,5004
2025-04,Any Mental Health,Sex,All,5219
2025-04,Any Mental Health,Sex,Female,5365
2025-04,Any Mental Health,Sex,Male,5031
2025-03,Any Mental Health,Sex,All,5177
2025-03,Any Mental Health,Sex,Female,5316
2025-03,Any Mental Health,Sex,Male,5004
2025-02,Any Mental Health,Sex,All,4884
2025-02,Any Mental Health,Sex,Female,4995
2025-02,Any Mental Health,Sex,Male,4746
2025-01,Any Mental Health,Sex,All,4780
2025-01,Any Mental Health,Sex,Female,4858
2025-01,Any Mental Health,Sex,Male,4675
2024-12,Any Mental Health,Sex,All,4613
2024-12,Any Mental Health,Sex,Female,4686
2024-12,Any Mental Health,Sex,Male,4517
2024-11,Any Mental Health,Sex,All,5023
2024-11,Any Mental Health,Sex,Female,5127
2024-11,Any Mental Health,Sex,Male,4891
2024-10,Any Mental Health,Sex,All,5087
2024-10,Any Mental Health,Sex,Female,5233
2024-10,Any Mental Health,Sex,Male,4904
2024-09,Any Mental Health,Sex,All,5090
2024-09,Any Mental Health,Sex,Female,5236
2024-09,Any Mental Health,Sex,Male,4909
2024-08,Any Mental Health,Sex,All,5094
2024-08,Any Mental Health,Sex,Female,5236
2024-08,Any Mental Health,Sex,Male,4918
2024-07,Any Mental Health,Sex,All,5110
2024-07,Any Mental Health,Sex,Female,5235
2024-07,Any Mental Health,Sex,Male,4953
2024-06,Any Mental Health,Sex,All,5047
2024-06,Any Mental Health,Sex,Female,5193
2024-06,Any Mental Health,Sex,Male,4867
2024-05,Any Mental Health,Sex,All,5024
2024-05,Any Mental Health,Sex,Female,5165
2024-05,Any Mental Health,Sex,Male,4852
2024-04,Any Mental Health,Sex,All,5106
2024-04,Any Mental Health,Sex,Female,5232
2024-04,Any Mental Health,Sex,Male,4964
2024-03,Any Mental Health,Sex,All,5057
2024-03,Any Mental Health,Sex,Female,5153
2024-03,Any Mental Health,Sex,Male,4959
2024-02,Any Mental Health,Sex,All,5040
2024-02,Any Mental Health,Sex,Female,5131
2024-02,Any Mental Health,Sex,Male,4950
2024-01,Any Mental Health,Sex,All,5027
2024-01,Any Mental Health,Sex,Female,5119
2024-01,Any Mental Health,Sex,Male,4930
2023-12,Any Mental Health,Sex,All,4583
2023-12,Any Mental Health,Sex,Female,4661
2023-12,Any Mental Health,Sex,Male,4505
2023-11,Any Mental Health,Sex,All,4912
2023-11,Any Mental Health,Sex,Female,5026
2023-11,Any Mental Health,Sex,Male,4788
2023-10,Any Mental Health,Sex,All,5137
2023-10,Any Mental Health,Sex,Female,5301
2023-10,Any Mental Health,Sex,Male,4959
2023-09,Any Mental Health,Sex,All,5104
2023-09,Any Mental Health,Sex,Female,5287
2023-09,Any Mental Health,Sex,Male,4908
2023-08,Any Mental Health,Sex,All,5173
2023-08,Any Mental Health,Sex,Female,5355
2023-08,Any Mental Health,Sex,Male,4974
2023-07,Any Mental Health,Sex,All,5244
2023-07,Any Mental Health,Sex,Female,5420
2023-07,Any Mental Health,Sex,Male,5057
2023-06,Any Mental Health,Sex,All,5234
2023-06,Any Mental Health,Sex,Female,5394
2023-06,Any Mental Health,Sex,Male,5066
2023-05,Any Mental Health,Sex,All,5224
2023-05,Any Mental Health,Sex,Female,5420
2023-05,Any Mental Health,Sex,Male,5010
2023-04,Any Mental Health,Sex,All,5352
2023-04,Any Mental Health,Sex,Female,5548
2023-04,Any Mental Health,Sex,Male,5139
2023-03,Any Mental Health,Sex,All,5419
2023-03,Any Mental Health,Sex,Female,5572
2023-03,Any Mental Health,Sex,Male,5255
2023-02,Any Mental Health,Sex,All,5462
2023-02,Any Mental Health,Sex,Female,5630
2023-02,Any Mental Health,Sex,Male,5279
2023-01,Any Mental Health,Sex,All,5516
2023-01,Any Mental Health,Sex,Female,5665
2023-01,Any Mental Health,Sex,Male,5354
2022-12,Any Mental Health,Sex,All,4810
2022-12,Any Mental Health,Sex,Female,4933
2022-12,Any Mental Health,Sex,Male,4687
2022-11,Any Mental Health,Sex,All,4655
2022-11,Any Mental Health,Sex,Female,4797
2022-11,Any Mental Health,Sex,Male,4504
2022-10,Any Mental Health,Sex,All,4965
2022-10,Any Mental Health,Sex,Female,5160
2022-10,Any Mental Health,Sex,Male,4752
2022-09,Any Mental Health,Sex,All,5087
2022-09,Any Mental Health,Sex,Female,5312
2022-09,Any Mental Health,Sex,Male,4844
2022-08,Any Mental Health,Sex,All,5150
2022-08,Any Mental Health,Sex,Female,5349
2022-08,Any Mental Health,Sex,Male,4936
2022-07,Any Mental Health,Sex,All,5152
2022-07,Any Mental Health,Sex,Female,5334
2022-07,Any Mental Health,Sex,Male,4961
2022-06,Any Mental Health,Sex,All,5193
2022-06,Any Mental Health,Sex,Female,5384
2022-06,Any Mental Health,Sex,Male,4991
2022-05,Any Mental Health,Sex,All,5263
2022-05,Any Mental Health,Sex,Female,5487
2022-05,Any Mental Health,Sex,Male,5036
2022-04,Any Mental Health,Sex,All,5541
2022-04,Any Mental Health,Sex,Female,5784
2022-04,Any Mental Health,Sex,Male,5333
2022-03,Any Mental Health,Sex,All,5824
2022-03,Any Mental Health,Sex,Female,6050
2022-03,Any Mental Health,Sex,Male,5639
2022-02,Any Mental Health,Sex,All,6041
2022-02,Any Mental Health,Sex,Female,6313
2022-02,Any Mental Health,Sex,Male,5813
2022-01,Any Mental Health,Sex,All,5196
2022-01,Any Mental Health,Sex,Female,5353
2022-01,Any Mental Health,Sex,Male,5086
2021-12,Any Mental Health,Sex,All,4937
2021-12,Any Mental Health,Sex,Female,5105
2021-12,Any Mental Health,Sex,Male,4820
2021-11,Any Mental Health,Sex,All,5430
2021-11,Any Mental Health,Sex,Female,5707
2021-11,Any Mental Health,Sex,Male,5199
2021-10,Any Mental Health,Sex,All,5627
2021-10,Any Mental Health,Sex,Female,5968
2021-10,Any Mental Health,Sex,Male,5324
2021-09,Any Mental Health,Sex,All,5452
2021-09,Any Mental Health,Sex,Female,5825
2021-09,Any Mental Health,Sex,Male,5115
2021-08,Any Mental Health,Sex,All,5228
2021-08,Any Mental Health,Sex,Female,5567
2021-08,Any Mental Health,Sex,Male,4923
2021-07,Any Mental Health,Sex,All,5521
2021-07,Any Mental Health,Sex,Female,5847
2021-07,Any Mental Health,Sex,Male,5230
2021-06,Any Mental Health,Sex,All,5854
2021-06,Any Mental Health,Sex,Female,6206
2021-06,Any Mental Health,Sex,Male,5546
2021-05,Any Mental Health,Sex,All,6068
2021-05,Any Mental Health,Sex,Female,6441
2021-05,Any Mental Health,Sex,Male,5740
2021-04,Any Mental Health,Sex,All,6194
2021-04,Any Mental Health,Sex,Female,6547
2021-04,Any Mental Health,Sex,Male,5894
2021-03,Any Mental Health,Sex,All,6678
2021-03,Any Mental Health,Sex,Female,7064
2021-03,Any Mental Health,Sex,Male,6362
2021-02,Any Mental Health,Sex,All,6918
2021-02,Any Mental Health,Sex,Female,7284
2021-02,Any Mental Health,Sex,Male,6605
2021-01,Any Mental Health,Sex,All,6732
2021-01,Any Mental Health,Sex,Female,7054
2021-01,Any Mental Health,Sex,Male,6451
2020-12,Any Mental Health,Sex,All,6488
2020-12,Any Mental Health,Sex,Female,6823
2020-12,Any Mental Health,Sex,Male,6203
2020-11,Any Mental Health,Sex,All,6536
2020-11,Any Mental Health,Sex,Female,6927
2020-11,Any Mental Health,Sex,Male,6180
2020-10,Any Mental Health,Sex,All,6878
2020-10,Any Mental Health,Sex,Female,7384
2020-10,Any Mental Health,Sex,Male,6400
2020-09,Any Mental Health,Sex,All,7162
2020-09,Any Mental Health,Sex,Female,7709
2020-09,Any Mental Health,Sex,Male,6653
2020-08,Any Mental Health,Sex,All,7154
2020-08,Any Mental Health,Sex,Female,7705
2020-08,Any Mental Health,Sex,Male,6640
2020-07,Any Mental Health,Sex,All,6988
2020-07,Any Mental Health,Sex,Female,7524
2020-07,Any Mental Health,Sex,Male,6487
2020-06,Any Mental Health,Sex,All,7197
2020-06,Any Mental Health,Sex,Female,7735
2020-06,Any Mental Health,Sex,Male,6704
2020-05,Any Mental Health,Sex,All,7718
2020-05,Any Mental Health,Sex,Female,8241
2020-05,Any Mental Health,Sex,Male,7242
2020-04,Any Mental Health,Sex,All,7815
2020-04,Any Mental Health,Sex,Female,8258
2020-04,Any Mental Health,Sex,Male,7427
2020-03,Any Mental Health,Sex,All,6274
2020-03,Any Mental Health,Sex,Female,6585
2020-03,Any Mental Health,Sex,Male,5983
2020-02,Any Mental Health,Sex,All,5971
2020-02,Any Mental Health,Sex,Female,6293
2020-02,Any Mental Health,Sex,Male,5671
2020-01,Any Mental Health,Sex,All,5817
2020-01,Any Mental Health,Sex,Female,6085
2020-01,Any Mental Health,Sex,Male,5564
2019-12,Any Mental Health,Sex,All,5576
2019-12,Any Mental Health,Sex,Female,5842
2019-12,Any Mental Health,Sex,Male,5335
2019-11,Any Mental Health,Sex,All,5881
2019-11,Any Mental Health,Sex,Female,6207
2019-11,Any Mental Health,Sex,Male,5579
2019-10,Any Mental Health,Sex,All,6109
2019-10,Any Mental Health,Sex,Female,6470
2019-10,Any Mental Health,Sex,Male,5780
2019-09,Any Mental Health,Sex,All,6077
2019-09,Any Mental Health,Sex,Female,6448
2019-09,Any Mental Health,Sex,Male,5733
2019-08,Any Mental Health,Sex,All,6153
2019-08,Any Mental Health,Sex,Female,6539
2019-08,Any Mental Health,Sex,Male,5796
2019-07,Any Mental Health,Sex,All,6009
2019-07,Any Mental Health,Sex,Female,6378
2019-07,Any Mental Health,Sex,Male,5663
2019-06,Any Mental Health,Sex,All,5849
2019-06,Any Mental Health,Sex,Female,6199
2019-06,Any Mental Health,Sex,Male,5516
2019-05,Any Mental Health,Sex,All,5870
2019-05,Any Mental Health,Sex,Female,6203
2019-05,Any Mental Health,Sex,Male,5544
2019-04,Any Mental Health,Sex,All,5861
2019-04,Any Mental Health,Sex,Female,6132
2019-04,Any Mental Health,Sex,Male,5541
2019-03,Any Mental Health,Sex,All,5659
2019-03,Any Mental Health,Sex,Female,5897
2019-03,Any Mental Health,Sex,Male,5378
2019-02,Any Mental Health,Sex,All,5518
2019-02,Any Mental Health,Sex,Female,5726
2019-02,Any Mental Health,Sex,Male,5275
2019-01,Any Mental Health,Sex,All,5383
2019-01,Any Mental Health,Sex,Female,5552
2019-01,Any Mental Health,Sex,Male,5182
2025-12,Bipolar Disorders,Sex,All,408
2025-12,Bipolar Disorders,Sex,Female,430
2025-12,Bipolar Disorders,Sex,Male,381
2025-11,Bipolar Disorders,Sex,All,452
2025-11,Bipolar Disorders,Sex,Female,478
2025-11,Bipolar Disorders,Sex,Male,420
2025-10,Bipolar Disorders,Sex,All,461
2025-10,Bipolar Disorders,Sex,Female,492
2025-10,Bipolar Disorders,Sex,Male,422
2025-09,Bipolar Disorders,Sex,All,454
2025-09,Bipolar Disorders,Sex,Female,484
2025-09,Bipolar Disorders,Sex,Male,417
2025-08,Bipolar Disorders,Sex,All,461
2025-08,Bipolar Disorders,Sex,Female,491
2025-08,Bipolar Disorders,Sex,Male,424
2025-07,Bipolar Disorders,Sex,All,471
2025-07,Bipolar Disorders,Sex,Female,501
2025-07,Bipolar Disorders,Sex,Male,434
2025-06,Bipolar Disorders,Sex,All,469
2025-06,Bipolar Disorders,Sex,Female,500
2025-06,Bipolar Disorders,Sex,Male,432
2025-05,Bipolar Disorders,Sex,All,456
2025-05,Bipolar Disorders,Sex,Female,483
2025-05,Bipolar Disorders,Sex,Male,423
2025-04,Bipolar Disorders,Sex,All,457
2025-04,Bipolar Disorders,Sex,Female,482
2025-04,Bipolar Disorders,Sex,Male,425
2025-03,Bipolar Disorders,Sex,All,455
2025-03,Bipolar Disorders,Sex,Female,483
2025-03,Bipolar Disorders,Sex,Male,420
2025-02,Bipolar Disorders,Sex,All,429
2025-02,Bipolar Disorders,Sex,Female,457
2025-02,Bipolar Disorders,Sex,Male,394
2025-01,Bipolar Disorders,Sex,All,421
2025-01,Bipolar Disorders,Sex,Female,446
2025-01,Bipolar Disorders,Sex,Male,389
2024-12,Bipolar Disorders,Sex,All,406
2024-12,Bipolar Disorders,Sex,Female,429
2024-12,Bipolar Disorders,Sex,Male,379
2024-11,Bipolar Disorders,Sex,All,442
2024-11,Bipolar Disorders,Sex,Female,469
2024-11,Bipolar Disorders,Sex,Male,409
2024-10,Bipolar Disorders,Sex,All,443
2024-10,Bipolar Disorders,Sex,Female,470
2024-10,Bipolar Disorders,Sex,Male,410
2024-09,Bipolar Disorders,Sex,All,442
2024-09,Bipolar Disorders,Sex,Female,467
2024-09,Bipolar Disorders,Sex,Male,411
2024-08,Bipolar Disorders,Sex,All,458
2024-08,Bipolar Disorders,Sex,Female,483
2024-08,Bipolar Disorders,Sex,Male,427
2024-07,Bipolar Disorders,Sex,All,461
2024-07,Bipolar Disorders,Sex,Female,488
2024-07,Bipolar Disorders,Sex,Male,428
2024-06,Bipolar Disorders,Sex,All,457
2024-06,Bipolar Disorders,Sex,Female,483
2024-06,Bipolar Disorders,Sex,Male,425
2024-05,Bipolar Disorders,Sex,All,445
2024-05,Bipolar Disorders,Sex,Female,471
2024-05,Bipolar Disorders,Sex,Male,413
2024-04,Bipolar Disorders,Sex,All,456
2024-04,Bipolar Disorders,Sex,Female,484
2024-04,Bipolar Disorders,Sex,Male,423
2024-03,Bipolar Disorders,Sex,All,451
2024-03,Bipolar Disorders,Sex,Female,475
2024-03,Bipolar Disorders,Sex,Male,425
2024-02,Bipolar Disorders,Sex,All,449
2024-02,Bipolar Disorders,Sex,Female,472
2024-02,Bipolar Disorders,Sex,Male,424
2024-01,Bipolar Disorders,Sex,All,453
2024-01,Bipolar Disorders,Sex,Female,477
2024-01,Bipolar Disorders,Sex,Male,425
2023-12,Bipolar Disorders,Sex,All,412
2023-12,Bipolar Disorders,Sex,Female,431
2023-12,Bipolar Disorders,Sex,Male,391
2023-11,Bipolar Disorders,Sex,All,444
2023-11,Bipolar Disorders,Sex,Female,471
2023-11,Bipolar Disorders,Sex,Male,413
2023-10,Bipolar Disorders,Sex,All,460
2023-10,Bipolar Disorders,Sex,Female,490
2023-10,Bipolar Disorders,Sex,Male,426
2023-09,Bipolar Disorders,Sex,All,463
2023-09,Bipolar Disorders,Sex,Female,495
2023-09,Bipolar Disorders,Sex,Male,428
2023-08,Bipolar Disorders,Sex,All,475
2023-08,Bipolar Disorders,Sex,Female,510
2023-08,Bipolar Disorders,Sex,Male,437
2023-07,Bipolar Disorders,Sex,All,491
2023-07,Bipolar Disorders,Sex,Female,522
2023-07,Bipolar Disorders,Sex,Male,456
2023-06,Bipolar Disorders,Sex,All,490
2023-06,Bipolar Disorders,Sex,Female,522
2023-06,Bipolar Disorders,Sex,Male,455
2023-05,Bipolar Disorders,Sex,All,479
2023-05,Bipolar Disorders,Sex,Female,513
2023-05,Bipolar Disorders,Sex,Male,440
2023-04,Bipolar Disorders,Sex,All,490
2023-04,Bipolar Disorders,Sex,Female,519
2023-04,Bipolar Disorders,Sex,Male,458
2023-03,Bipolar Disorders,Sex,All,487
2023-03,Bipolar Disorders,Sex,Female,518
2023-03,Bipolar Disorders,Sex,Male,452
2023-02,Bipolar Disorders,Sex,All,488
2023-02,Bipolar Disorders,Sex,Female,518
2023-02,Bipolar Disorders,Sex,Male,455
2023-01,Bipolar Disorders,Sex,All,495
2023-01,Bipolar Disorders,Sex,Female,522
2023-01,Bipolar Disorders,Sex,Male,464
2022-12,Bipolar Disorders,Sex,All,444
2022-12,Bipolar Disorders,Sex,Female,467
2022-12,Bipolar Disorders,Sex,Male,419
2022-11,Bipolar Disorders,Sex,All,429
2022-11,Bipolar Disorders,Sex,Female,452
2022-11,Bipolar Disorders,Sex,Male,403
2022-10,Bipolar Disorders,Sex,All,456
2022-10,Bipolar Disorders,Sex,Female,488
2022-10,Bipolar Disorders,Sex,Male,421
2022-09,Bipolar Disorders,Sex,All,469
2022-09,Bipolar Disorders,Sex,Female,502
2022-09,Bipolar Disorders,Sex,Male,432
2022-08,Bipolar Disorders,Sex,All,489
2022-08,Bipolar Disorders,Sex,Female,520
2022-08,Bipolar Disorders,Sex,Male,454
2022-07,Bipolar Disorders,Sex,All,500
2022-07,Bipolar Disorders,Sex,Female,531
2022-07,Bipolar Disorders,Sex,Male,466
2022-06,Bipolar Disorders,Sex,All,500
2022-06,Bipolar Disorders,Sex,Female,529
2022-06,Bipolar Disorders,Sex,Male,468
2022-05,Bipolar Disorders,Sex,All,497
2022-05,Bipolar Disorders,Sex,Female,532
2022-05,Bipolar Disorders,Sex,Male,460
2022-04,Bipolar Disorders,Sex,All,525
2022-04,Bipolar Disorders,Sex,Female,559
2022-04,Bipolar Disorders,Sex,Male,494
2022-03,Bipolar Disorders,Sex,All,540
2022-03,Bipolar Disorders,Sex,Female,572
2022-03,Bipolar Disorders,Sex,Male,512
2022-02,Bipolar Disorders,Sex,All,571
2022-02,Bipolar Disorders,Sex,Female,609
2022-02,Bipolar Disorders,Sex,Male,535
2022-01,Bipolar Disorders,Sex,All,509
2022-01,Bipolar Disorders,Sex,Female,539
2022-01,Bipolar Disorders,Sex,Male,483
2021-12,Bipolar Disorders,Sex,All,474
2021-12,Bipolar Disorders,Sex,Female,503
2021-12,Bipolar Disorders,Sex,Male,448
2021-11,Bipolar Disorders,Sex,All,519
2021-11,Bipolar Disorders,Sex,Female,558
2021-11,Bipolar Disorders,Sex,Male,484
2021-10,Bipolar Disorders,Sex,All,542
2021-10,Bipolar Disorders,Sex,Female,586
2021-10,Bipolar Disorders,Sex,Male,501
2021-09,Bipolar Disorders,Sex,All,529
2021-09,Bipolar Disorders,Sex,Female,577
2021-09,Bipolar Disorders,Sex,Male,483
2021-08,Bipolar Disorders,Sex,All,522
2021-08,Bipolar Disorders,Sex,Female,569
2021-08,Bipolar Disorders,Sex,Male,478
2021-07,Bipolar Disorders,Sex,All,563
2021-07,Bipolar Disorders,Sex,Female,609
2021-07,Bipolar Disorders,Sex,Male,519
2021-06,Bipolar Disorders,Sex,All,596
2021-06,Bipolar Disorders,Sex,Female,645
2021-06,Bipolar Disorders,Sex,Male,551
2021-05,Bipolar Disorders,Sex,All,611
2021-05,Bipolar Disorders,Sex,Female,658
2021-05,Bipolar Disorders,Sex,Male,571
2021-04,Bipolar Disorders,Sex,All,616
2021-04,Bipolar Disorders,Sex,Female,661
2021-04,Bipolar Disorders,Sex,Male,576
2021-03,Bipolar Disorders,Sex,All,676
2021-03,Bipolar Disorders,Sex,Female,722
2021-03,Bipolar Disorders,Sex,Male,639
2021-02,Bipolar Disorders,Sex,All,708
2021-02,Bipolar Disorders,Sex,Female,753
2021-02,Bipolar Disorders,Sex,Male,669
2021-01,Bipolar Disorders,Sex,All,683
2021-01,Bipolar Disorders,Sex,Female,731
2021-01,Bipolar Disorders,Sex,Male,637
2020-12,Bipolar Disorders,Sex,All,666
2020-12,Bipolar Disorders,Sex,Female,706
2020-12,Bipolar Disorders,Sex,Male,631
2020-11,Bipolar Disorders,Sex,All,672
2020-11,Bipolar Disorders,Sex,Female,724
2020-11,Bipolar Disorders,Sex,Male,625
2020-10,Bipolar Disorders,Sex,All,713
2020-10,Bipolar Disorders,Sex,Female,779
2020-10,Bipolar Disorders,Sex,Male,651
2020-09,Bipolar Disorders,Sex,All,760
2020-09,Bipolar Disorders,Sex,Female,834
2020-09,Bipolar Disorders,Sex,Male,690
2020-08,Bipolar Disorders,Sex,All,790
2020-08,Bipolar Disorders,Sex,Female,862
2020-08,Bipolar Disorders,Sex,Male,725
2020-07,Bipolar Disorders,Sex,All,767
2020-07,Bipolar Disorders,Sex,Female,835
2020-07,Bipolar Disorders,Sex,Male,705
2020-06,Bipolar Disorders,Sex,All,795
2020-06,Bipolar Disorders,Sex,Female,867
2020-06,Bipolar Disorders,Sex,Male,729
2020-05,Bipolar Disorders,Sex,All,860
2020-05,Bipolar Disorders,Sex,Female,941
2020-05,Bipolar Disorders,Sex,Male,784
2020-04,Bipolar Disorders,Sex,All,873
2020-04,Bipolar Disorders,Sex,Female,948
2020-04,Bipolar Disorders,Sex,Male,804
2020-03,Bipolar Disorders,Sex,All,689
2020-03,Bipolar Disorders,Sex,Female,749
2020-03,Bipolar Disorders,Sex,Male,628
2020-02,Bipolar Disorders,Sex,All,621
2020-02,Bipolar Disorders,Sex,Female,672
2020-02,Bipolar Disorders,Sex,Male,571
2020-01,Bipolar Disorders,Sex,All,615
2020-01,Bipolar Disorders,Sex,Female,661
2020-01,Bipolar Disorders,Sex,Male,568
2019-12,Bipolar Disorders,Sex,All,591
2019-12,Bipolar Disorders,Sex,Female,636
2019-12,Bipolar Disorders,Sex,Male,549
2019-11,Bipolar Disorders,Sex,All,617
2019-11,Bipolar Disorders,Sex,Female,667
2019-11,Bipolar Disorders,Sex,Male,570
2019-10,Bipolar Disorders,Sex,All,643
2019-10,Bipolar Disorders,Sex,Female,697
2019-10,Bipolar Disorders,Sex,Male,593
2019-09,Bipolar Disorders,Sex,All,638
2019-09,Bipolar Disorders,Sex,Female,690
2019-09,Bipolar Disorders,Sex,Male,590
2019-08,Bipolar Disorders,Sex,All,667
2019-08,Bipolar Disorders,Sex,Female,718
2019-08,Bipolar Disorders,Sex,Male,621
2019-07,Bipolar Disorders,Sex,All,646
2019-07,Bipolar Disorders,Sex,Female,700
2019-07,Bipolar Disorders,Sex,Male,597
2019-06,Bipolar Disorders,Sex,All,631
2019-06,Bipolar Disorders,Sex,Female,680
2019-06,Bipolar Disorders,Sex,Male,586
2019-05,Bipolar Disorders,Sex,All,613
2019-05,Bipolar Disorders,Sex,Female,661
2019-05,Bipolar Disorders,Sex,Male,568
2019-04,Bipolar Disorders,Sex,All,616
2019-04,Bipolar Disorders,Sex,Female,657
2019-04,Bipolar Disorders,Sex,Male,570
2019-03,Bipolar Disorders,Sex,All,584
2019-03,Bipolar Disorders,Sex,Female,620
2019-03,Bipolar Disorders,Sex,Male,544
2019-02,Bipolar Disorders,Sex,All,568
2019-02,Bipolar Disorders,Sex,Female,605
2019-02,Bipolar Disorders,Sex,Male,524
2019-01,Bipolar Disorders,Sex,All,557
2019-01,Bipolar Disorders,Sex,Female,585
2019-01,Bipolar Disorders,Sex,Male,524
2025-12,Depressive Disorders,Sex,All,1450
2025-12,Depressive Disorders,Sex,Female,1607
2025-12,Depressive Disorders,Sex,Male,1254
2025-11,Depressive Disorders,Sex,All,1611
2025-11,Depressive Disorders,Sex,Female,1783
2025-11,Depressive Disorders,Sex,Male,1396
2025-10,Depressive Disorders,Sex,All,1622
2025-10,Depressive Disorders,Sex,Female,1809
2025-10,Depressive Disorders,Sex,Male,1392
2025-09,Depressive Disorders,Sex,All,1575
2025-09,Depressive Disorders,Sex,Female,1755
2025-09,Depressive Disorders,Sex,Male,1352
2025-08,Depressive Disorders,Sex,All,1548
2025-08,Depressive Disorders,Sex,Female,1707
2025-08,Depressive Disorders,Sex,Male,1354
2025-07,Depressive Disorders,Sex,All,1571
2025-07,Depressive Disorders,Sex,Female,1730
2025-07,Depressive Disorders,Sex,Male,1378
2025-06,Depressive Disorders,Sex,All,1571
2025-06,Depressive Disorders,Sex,Female,1734
2025-06,Depressive Disorders,Sex,Male,1375
2025-05,Depressive Disorders,Sex,All,1576
2025-05,Depressive Disorders,Sex,Female,1748
2025-05,Depressive Disorders,Sex,Male,1366
2025-04,Depressive Disorders,Sex,All,1594
2025-04,Depressive Disorders,Sex,Female,1771
2025-04,Depressive Disorders,Sex,Male,1373
2025-03,Depressive Disorders,Sex,All,1588
2025-03,Depressive Disorders,Sex,Female,1763
2025-03,Depressive Disorders,Sex,Male,1373
2025-02,Depressive Disorders,Sex,All,1514
2025-02,Depressive Disorders,Sex,Female,1679
2025-02,Depressive Disorders,Sex,Male,1311
2025-01,Depressive Disorders,Sex,All,1507
2025-01,Depressive Disorders,Sex,Female,1660
2025-01,Depressive Disorders,Sex,Male,1318
2024-12,Depressive Disorders,Sex,All,1442
2024-12,Depressive Disorders,Sex,Female,1581
2024-12,Depressive Disorders,Sex,Male,1269
2024-11,Depressive Disorders,Sex,All,1568
2024-11,Depressive Disorders,Sex,Female,1730
2024-11,Depressive Disorders,Sex,Male,1368
2024-10,Depressive Disorders,Sex,All,1581
2024-10,Depressive Disorders,Sex,Female,1758
2024-10,Depressive Disorders,Sex,Male,1366
2024-09,Depressive Disorders,Sex,All,1565
2024-09,Depressive Disorders,Sex,Female,1728
2024-09,Depressive Disorders,Sex,Male,1365
2024-08,Depressive Disorders,Sex,All,1545
2024-08,Depressive Disorders,Sex,Female,1698
2024-08,Depressive Disorders,Sex,Male,1359
2024-07,Depressive Disorders,Sex,All,1544
2024-07,Depressive Disorders,Sex,Female,1693
2024-07,Depressive Disorders,Sex,Male,1363
2024-06,Depressive Disorders,Sex,All,1534
2024-06,Depressive Disorders,Sex,Female,1696
2024-06,Depressive Disorders,Sex,Male,1339
2024-05,Depressive Disorders,Sex,All,1538
2024-05,Depressive Disorders,Sex,Female,1704
2024-05,Depressive Disorders,Sex,Male,1337
2024-04,Depressive Disorders,Sex,All,1575
2024-04,Depressive Disorders,Sex,Female,1745
2024-04,Depressive Disorders,Sex,Male,1371
2024-03,Depressive Disorders,Sex,All,1554
2024-03,Depressive Disorders,Sex,Female,1715
2024-03,Depressive Disorders,Sex,Male,1365
2024-02,Depressive Disorders,Sex,All,1560
2024-02,Depressive Disorders,Sex,Female,1717
2024-02,Depressive Disorders,Sex,Male,1375
2024-01,Depressive Disorders,Sex,All,1578
2024-01,Depressive Disorders,Sex,Female,1741
2024-01,Depressive Disorders,Sex,Male,1385
2023-12,Depressive Disorders,Sex,All,1436
2023-12,Depressive Disorders,Sex,Female,1581
2023-12,Depressive Disorders,Sex,Male,1265
2023-11,Depressive Disorders,Sex,All,1541
2023-11,Depressive Disorders,Sex,Female,1704
2023-11,Depressive Disorders,Sex,Male,1348
2023-10,Depressive Disorders,Sex,All,1604
2023-10,Depressive Disorders,Sex,Female,1781
2023-10,Depressive Disorders,Sex,Male,1398
2023-09,Depressive Disorders,Sex,All,1566
2023-09,Depressive Disorders,Sex,Female,1741
2023-09,Depressive Disorders,Sex,Male,1364
2023-08,Depressive Disorders,Sex,All,1577
2023-08,Depressive Disorders,Sex,Female,1745
2023-08,Depressive Disorders,Sex,Male,1384
2023-07,Depressive Disorders,Sex,All,1590
2023-07,Depressive Disorders,Sex,Female,1760
2023-07,Depressive Disorders,Sex,Male,1399
2023-06,Depressive Disorders,Sex,All,1594
2023-06,Depressive Disorders,Sex,Female,1763
2023-06,Depressive Disorders,Sex,Male,1402
2023-05,Depressive Disorders,Sex,All,1622
2023-05,Depressive Disorders,Sex,Female,1817
2023-05,Depressive Disorders,Sex,Male,1398
2023-04,Depressive Disorders,Sex,All,1682
2023-04,Depressive Disorders,Sex,Female,1884
2023-04,Depressive Disorders,Sex,Male,1448
2023-03,Depressive Disorders,Sex,All,1706
2023-03,Depressive Disorders,Sex,Female,1901
2023-03,Depressive Disorders,Sex,Male,1478
2023-02,Depressive Disorders,Sex,All,1731
2023-02,Depressive Disorders,Sex,Female,1943
2023-02,Depressive Disorders,Sex,Male,1484
2023-01,Depressive Disorders,Sex,All,1743
2023-01,Depressive Disorders,Sex,Female,1948
2023-01,Depressive Disorders,Sex,Male,1503
2022-12,Depressive Disorders,Sex,All,1555
2022-12,Depressive Disorders,Sex,Female,1729
2022-12,Depressive Disorders,Sex,Male,1358
2022-11,Depressive Disorders,Sex,All,1507
2022-11,Depressive Disorders,Sex,Female,1686
2022-11,Depressive Disorders,Sex,Male,1302
2022-10,Depressive Disorders,Sex,All,1582
2022-10,Depressive Disorders,Sex,Female,1772
2022-10,Depressive Disorders,Sex,Male,1366
2022-09,Depressive Disorders,Sex,All,1590
2022-09,Depressive Disorders,Sex,Female,1793
2022-09,Depressive Disorders,Sex,Male,1362
2022-08,Depressive Disorders,Sex,All,1589
2022-08,Depressive Disorders,Sex,Female,1773
2022-08,Depressive Disorders,Sex,Male,1383
2022-07,Depressive Disorders,Sex,All,1596
2022-07,Depressive Disorders,Sex,Female,1765
2022-07,Depressive Disorders,Sex,Male,1407
2022-06,Depressive Disorders,Sex,All,1619
2022-06,Depressive Disorders,Sex,Female,1808
2022-06,Depressive Disorders,Sex,Male,1407
2022-05,Depressive Disorders,Sex,All,1678
2022-05,Depressive Disorders,Sex,Female,1894
2022-05,Depressive Disorders,Sex,Male,1437
2022-04,Depressive Disorders,Sex,All,1767
2022-04,Depressive Disorders,Sex,Female,2004
2022-04,Depressive Disorders,Sex,Male,1515
2022-03,Depressive Disorders,Sex,All,1860
2022-03,Depressive Disorders,Sex,Female,2102
2022-03,Depressive Disorders,Sex,Male,1601
2022-02,Depressive Disorders,Sex,All,1962
2022-02,Depressive Disorders,Sex,Female,2234
2022-02,Depressive Disorders,Sex,Male,1674
2022-01,Depressive Disorders,Sex,All,1689
2022-01,Depressive Disorders,Sex,Female,1893
2022-01,Depressive Disorders,Sex,Male,1472
2021-12,Depressive Disorders,Sex,All,1601
2021-12,Depressive Disorders,Sex,Female,1800
2021-12,Depressive Disorders,Sex,Male,1393
2021-11,Depressive Disorders,Sex,All,1751
2021-11,Depressive Disorders,Sex,Female,2000
2021-11,Depressive Disorders,Sex,Male,1492
2021-10,Depressive Disorders,Sex,All,1797
2021-10,Depressive Disorders,Sex,Female,2065
2021-10,Depressive Disorders,Sex,Male,1520
2021-09,Depressive Disorders,Sex,All,1782
2021-09,Depressive Disorders,Sex,Female,2058
2021-09,Depressive Disorders,Sex,Male,1499
2021-08,Depressive Disorders,Sex,All,1669
2021-08,Depressive Disorders,Sex,Female,1905
2021-08,Depressive Disorders,Sex,Male,1428
2021-07,Depressive Disorders,Sex,All,1775
2021-07,Depressive Disorders,Sex,Female,2018
2021-07,Depressive Disorders,Sex,Male,1525
2021-06,Depressive Disorders,Sex,All,1903
2021-06,Depressive Disorders,Sex,Female,2166
2021-06,Depressive Disorders,Sex,Male,1634
2021-05,Depressive Disorders,Sex,All,1989
2021-05,Depressive Disorders,Sex,Female,2288
2021-05,Depressive Disorders,Sex,Male,1679
2021-04,Depressive Disorders,Sex,All,2030
2021-04,Depressive Disorders,Sex,Female,2335
2021-04,Depressive Disorders,Sex,Male,1713
2021-03,Depressive Disorders,Sex,All,2227
2021-03,Depressive Disorders,Sex,Female,2564
2021-03,Depressive Disorders,Sex,Male,1879
2021-02,Depressive Disorders,Sex,All,2327
2021-02,Depressive Disorders,Sex,Female,2659
2021-02,Depressive Disorders,Sex,Male,1980
2021-01,Depressive Disorders,Sex,All,2260
2021-01,Depressive Disorders,Sex,Female,2571
2021-01,Depressive Disorders,Sex,Male,1929
2020-12,Depressive Disorders,Sex,All,2236
2020-12,Depressive Disorders,Sex,Female,2563
2020-12,Depressive Disorders,Sex,Male,1893
2020-11,Depressive Disorders,Sex,All,2293
2020-11,Depressive Disorders,Sex,Female,2643
2020-11,Depressive Disorders,Sex,Male,1920
2020-10,Depressive Disorders,Sex,All,2436
2020-10,Depressive Disorders,Sex,Female,2828
2020-10,Depressive Disorders,Sex,Male,2020
2020-09,Depressive Disorders,Sex,All,2504
2020-09,Depressive Disorders,Sex,Female,2904
2020-09,Depressive Disorders,Sex,Male,2088
2020-08,Depressive Disorders,Sex,All,2485
2020-08,Depressive Disorders,Sex,Female,2881
2020-08,Depressive Disorders,Sex,Male,2075
2020-07,Depressive Disorders,Sex,All,2418
2020-07,Depressive Disorders,Sex,Female,2804
2020-07,Depressive Disorders,Sex,Male,2021
2020-06,Depressive Disorders,Sex,All,2481
2020-06,Depressive Disorders,Sex,Female,2871
2020-06,Depressive Disorders,Sex,Male,2088
2020-05,Depressive Disorders,Sex,All,2630
2020-05,Depressive Disorders,Sex,Female,3035
2020-05,Depressive Disorders,Sex,Male,2224
2020-04,Depressive Disorders,Sex,All,2583
2020-04,Depressive Disorders,Sex,Female,2947
2020-04,Depressive Disorders,Sex,Male,2227
2020-03,Depressive Disorders,Sex,All,2191
2020-03,Depressive Disorders,Sex,Female,2484
2020-03,Depressive Disorders,Sex,Male,1879
2020-02,Depressive Disorders,Sex,All,2172
2020-02,Depressive Disorders,Sex,Female,2461
2020-02,Depressive Disorders,Sex,Male,1852
2020-01,Depressive Disorders,Sex,All,2117
2020-01,Depressive Disorders,Sex,Female,2379
2020-01,Depressive Disorders,Sex,Male,1816
2019-12,Depressive Disorders,Sex,All,2041
2019-12,Depressive Disorders,Sex,Female,2292
2019-12,Depressive Disorders,Sex,Male,1766
2019-11,Depressive Disorders,Sex,All,2141
2019-11,Depressive Disorders,Sex,Female,2423
2019-11,Depressive Disorders,Sex,Male,1833
2019-10,Depressive Disorders,Sex,All,2212
2019-10,Depressive Disorders,Sex,Female,2508
2019-10,Depressive Disorders,Sex,Male,1896
2019-09,Depressive Disorders,Sex,All,2179
2019-09,Depressive Disorders,Sex,Female,2473
2019-09,Depressive Disorders,Sex,Male,1864
2019-08,Depressive Disorders,Sex,All,2182
2019-08,Depressive Disorders,Sex,Female,2468
2019-08,Depressive Disorders,Sex,Male,1877
2019-07,Depressive Disorders,Sex,All,2125
2019-07,Depressive Disorders,Sex,Female,2393
2019-07,Depressive Disorders,Sex,Male,1839
2019-06,Depressive Disorders,Sex,All,2072
2019-06,Depressive Disorders,Sex,Female,2333
2019-06,Depressive Disorders,Sex,Male,1789
2019-05,Depressive Disorders,Sex,All,2103
2019-05,Depressive Disorders,Sex,Female,2382
2019-05,Depressive Disorders,Sex,Male,1793
2019-04,Depressive Disorders,Sex,All,2091
2019-04,Depressive Disorders,Sex,Female,2349
2019-04,Depressive Disorders,Sex,Male,1775
2019-03,Depressive Disorders,Sex,All,2013
2019-03,Depressive Disorders,Sex,Female,2248
2019-03,Depressive Disorders,Sex,Male,1725
2019-02,Depressive Disorders,Sex,All,1975
2019-02,Depressive Disorders,Sex,Female,2193
2019-02,Depressive Disorders,Sex,Male,1707
2019-01,Depressive Disorders,Sex,All,1892
2019-01,Depressive Disorders,Sex,Female,2081
2019-01,Depressive Disorders,Sex,Male,1657
2025-12,Schizophrenia Spectrum Disorders,Sex,All,373
2025-12,Schizophrenia Spectrum Disorders,Sex,Female,247
2025-12,Schizophrenia Spectrum Disorders,Sex,Male,527
2025-11,Schizophrenia Spectrum Disorders,Sex,All,413
2025-11,Schizophrenia Spectrum Disorders,Sex,Female,273
2025-11,Schizophrenia Spectrum Disorders,Sex,Male,586
2025-10,Schizophrenia Spectrum Disorders,Sex,All,419
2025-10,Schizophrenia Spectrum Disorders,Sex,Female,282
2025-10,Schizophrenia Spectrum Disorders,Sex,Male,585
2025-09,Schizophrenia Spectrum Disorders,Sex,All,407
2025-09,Schizophrenia Spectrum Disorders,Sex,Female,275
2025-09,Schizophrenia Spectrum Disorders,Sex,Male,568
2025-08,Schizophrenia Spectrum Disorders,Sex,All,414
2025-08,Schizophrenia Spectrum Disorders,Sex,Female,284
2025-08,Schizophrenia Spectrum Disorders,Sex,Male,571
2025-07,Schizophrenia Spectrum Disorders,Sex,All,424
2025-07,Schizophrenia Spectrum Disorders,Sex,Female,288
2025-07,Schizophrenia Spectrum Disorders,Sex,Male,588
2025-06,Schizophrenia Spectrum Disorders,Sex,All,425
2025-06,Schizophrenia Spectrum Disorders,Sex,Female,290
2025-06,Schizophrenia Spectrum Disorders,Sex,Male,587
2025-05,Schizophrenia Spectrum Disorders,Sex,All,417
2025-05,Schizophrenia Spectrum Disorders,Sex,Female,282
2025-05,Schizophrenia Spectrum Disorders,Sex,Male,580
2025-04,Schizophrenia Spectrum Disorders,Sex,All,421
2025-04,Schizophrenia Spectrum Disorders,Sex,Female,282
2025-04,Schizophrenia Spectrum Disorders,Sex,Male,591
2025-03,Schizophrenia Spectrum Disorders,Sex,All,421
2025-03,Schizophrenia Spectrum Disorders,Sex,Female,280
2025-03,Schizophrenia Spectrum Disorders,Sex,Male,594
2025-02,Schizophrenia Spectrum Disorders,Sex,All,396
2025-02,Schizophrenia Spectrum Disorders,Sex,Female,264
2025-02,Schizophrenia Spectrum Disorders,Sex,Male,558
2025-01,Schizophrenia Spectrum Disorders,Sex,All,390
2025-01,Schizophrenia Spectrum Disorders,Sex,Female,262
2025-01,Schizophrenia Spectrum Disorders,Sex,Male,546
2024-12,Schizophrenia Spectrum Disorders,Sex,All,371
2024-12,Schizophrenia Spectrum Disorders,Sex,Female,248
2024-12,Schizophrenia Spectrum Disorders,Sex,Male,522
2024-11,Schizophrenia Spectrum Disorders,Sex,All,405
2024-11,Schizophrenia Spectrum Disorders,Sex,Female,271
2024-11,Schizophrenia Spectrum Disorders,Sex,Male,570
2024-10,Schizophrenia Spectrum Disorders,Sex,All,399
2024-10,Schizophrenia Spectrum Disorders,Sex,Female,272
2024-10,Schizophrenia Spectrum Disorders,Sex,Male,552
2024-09,Schizophrenia Spectrum Disorders,Sex,All,397
2024-09,Schizophrenia Spectrum Disorders,Sex,Female,270
2024-09,Schizophrenia Spectrum Disorders,Sex,Male,549
2024-08,Schizophrenia Spectrum Disorders,Sex,All,413
2024-08,Schizophrenia Spectrum Disorders,Sex,Female,280
2024-08,Schizophrenia Spectrum Disorders,Sex,Male,573
2024-07,Schizophrenia Spectrum Disorders,Sex,All,412
2024-07,Schizophrenia Spectrum Disorders,Sex,Female,276
2024-07,Schizophrenia Spectrum Disorders,Sex,Male,576
2024-06,Schizophrenia Spectrum Disorders,Sex,All,411
2024-06,Schizophrenia Spectrum Disorders,Sex,Female,278
2024-06,Schizophrenia Spectrum Disorders,Sex,Male,571
2024-05,Schizophrenia Spectrum Disorders,Sex,All,404
2024-05,Schizophrenia Spectrum Disorders,Sex,Female,274
2024-05,Schizophrenia Spectrum Disorders,Sex,Male,560
2024-04,Schizophrenia Spectrum Disorders,Sex,All,416
2024-04,Schizophrenia Spectrum Disorders,Sex,Female,281
2024-04,Schizophrenia Spectrum Disorders,Sex,Male,580
2024-03,Schizophrenia Spectrum Disorders,Sex,All,417
2024-03,Schizophrenia Spectrum Disorders,Sex,Female,277
2024-03,Schizophrenia Spectrum Disorders,Sex,Male,588
2024-02,Schizophrenia Spectrum Disorders,Sex,All,409
2024-02,Schizophrenia Spectrum Disorders,Sex,Female,270
2024-02,Schizophrenia Spectrum Disorders,Sex,Male,581
2024-01,Schizophrenia Spectrum Disorders,Sex,All,417
2024-01,Schizophrenia Spectrum Disorders,Sex,Female,277
2024-01,Schizophrenia Spectrum Disorders,Sex,Male,589
2023-12,Schizophrenia Spectrum Disorders,Sex,All,370
2023-12,Schizophrenia Spectrum Disorders,Sex,Female,249
2023-12,Schizophrenia Spectrum Disorders,Sex,Male,519
2023-11,Schizophrenia Spectrum Disorders,Sex,All,395
2023-11,Schizophrenia Spectrum Disorders,Sex,Female,265
2023-11,Schizophrenia Spectrum Disorders,Sex,Male,558
2023-10,Schizophrenia Spectrum Disorders,Sex,All,404
2023-10,Schizophrenia Spectrum Disorders,Sex,Female,275
2023-10,Schizophrenia Spectrum Disorders,Sex,Male,563
2023-09,Schizophrenia Spectrum Disorders,Sex,All,399
2023-09,Schizophrenia Spectrum Disorders,Sex,Female,273
2023-09,Schizophrenia Spectrum Disorders,Sex,Male,554
2023-08,Schizophrenia Spectrum Disorders,Sex,All,411
2023-08,Schizophrenia Spectrum Disorders,Sex,Female,282
2023-08,Schizophrenia Spectrum Disorders,Sex,Male,567
2023-07,Schizophrenia Spectrum Disorders,Sex,All,420
2023-07,Schizophrenia Spectrum Disorders,Sex,Female,285
2023-07,Schizophrenia Spectrum Disorders,Sex,Male,583
2023-06,Schizophrenia Spectrum Disorders,Sex,All,424
2023-06,Schizophrenia Spectrum Disorders,Sex,Female,285
2023-06,Schizophrenia Spectrum Disorders,Sex,Male,593
2023-05,Schizophrenia Spectrum Disorders,Sex,All,411
2023-05,Schizophrenia Spectrum Disorders,Sex,Female,278
2023-05,Schizophrenia Spectrum Disorders,Sex,Male,574
2023-04,Schizophrenia Spectrum Disorders,Sex,All,421
2023-04,Schizophrenia Spectrum Disorders,Sex,Female,284
2023-04,Schizophrenia Spectrum Disorders,Sex,Male,590
2023-03,Schizophrenia Spectrum Disorders,Sex,All,431
2023-03,Schizophrenia Spectrum Disorders,Sex,Female,290
2023-03,Schizophrenia Spectrum Disorders,Sex,Male,606
2023-02,Schizophrenia Spectrum Disorders,Sex,All,432
2023-02,Schizophrenia Spectrum Disorders,Sex,Female,288
2023-02,Schizophrenia Spectrum Disorders,Sex,Male,609
2023-01,Schizophrenia Spectrum Disorders,Sex,All,434
2023-01,Schizophrenia Spectrum Disorders,Sex,Female,289
2023-01,Schizophrenia Spectrum Disorders,Sex,Male,614
2022-12,Schizophrenia Spectrum Disorders,Sex,All,392
2022-12,Schizophrenia Spectrum Disorders,Sex,Female,263
2022-12,Schizophrenia Spectrum Disorders,Sex,Male,550
2022-11,Schizophrenia Spectrum Disorders,Sex,All,372
2022-11,Schizophrenia Spectrum Disorders,Sex,Female,250
2022-11,Schizophrenia Spectrum Disorders,Sex,Male,523
2022-10,Schizophrenia Spectrum Disorders,Sex,All,392
2022-10,Schizophrenia Spectrum Disorders,Sex,Female,269
2022-10,Schizophrenia Spectrum Disorders,Sex,Male,541
2022-09,Schizophrenia Spectrum Disorders,Sex,All,398
2022-09,Schizophrenia Spectrum Disorders,Sex,Female,274
2022-09,Schizophrenia Spectrum Disorders,Sex,Male,547
2022-08,Schizophrenia Spectrum Disorders,Sex,All,416
2022-08,Schizophrenia Spectrum Disorders,Sex,Female,284
2022-08,Schizophrenia Spectrum Disorders,Sex,Male,576
2022-07,Schizophrenia Spectrum Disorders,Sex,All,417
2022-07,Schizophrenia Spectrum Disorders,Sex,Female,287
2022-07,Schizophrenia Spectrum Disorders,Sex,Male,577
2022-06,Schizophrenia Spectrum Disorders,Sex,All,421
2022-06,Schizophrenia Spectrum Disorders,Sex,Female,289
2022-06,Schizophrenia Spectrum Disorders,Sex,Male,583
2022-05,Schizophrenia Spectrum Disorders,Sex,All,416
2022-05,Schizophrenia Spectrum Disorders,Sex,Female,284
2022-05,Schizophrenia Spectrum Disorders,Sex,Male,579
2022-04,Schizophrenia Spectrum Disorders,Sex,All,444
2022-04,Schizophrenia Spectrum Disorders,Sex,Female,299
2022-04,Schizophrenia Spectrum Disorders,Sex,Male,630
2022-03,Schizophrenia Spectrum Disorders,Sex,All,470
2022-03,Schizophrenia Spectrum Disorders,Sex,Female,316
2022-03,Schizophrenia Spectrum Disorders,Sex,Male,665
2022-02,Schizophrenia Spectrum Disorders,Sex,All,491
2022-02,Schizophrenia Spectrum Disorders,Sex,Female,336
2022-02,Schizophrenia Spectrum Disorders,Sex,Male,686
2022-01,Schizophrenia Spectrum Disorders,Sex,All,434
2022-01,Schizophrenia Spectrum Disorders,Sex,Female,291
2022-01,Schizophrenia Spectrum Disorders,Sex,Male,616
2021-12,Schizophrenia Spectrum Disorders,Sex,All,399
2021-12,Schizophrenia Spectrum Disorders,Sex,Female,268
2021-12,Schizophrenia Spectrum Disorders,Sex,Male,569
2021-11,Schizophrenia Spectrum Disorders,Sex,All,431
2021-11,Schizophrenia Spectrum Disorders,Sex,Female,289
2021-11,Schizophrenia Spectrum Disorders,Sex,Male,612
2021-10,Schizophrenia Spectrum Disorders,Sex,All,450
2021-10,Schizophrenia Spectrum Disorders,Sex,Female,308
2021-10,Schizophrenia Spectrum Disorders,Sex,Male,629
2021-09,Schizophrenia Spectrum Disorders,Sex,All,422
2021-09,Schizophrenia Spectrum Disorders,Sex,Female,293
2021-09,Schizophrenia Spectrum Disorders,Sex,Male,584
2021-08,Schizophrenia Spectrum Disorders,Sex,All,416
2021-08,Schizophrenia Spectrum Disorders,Sex,Female,294
2021-08,Schizophrenia Spectrum Disorders,Sex,Male,569
2021-07,Schizophrenia Spectrum Disorders,Sex,All,441
2021-07,Schizophrenia Spectrum Disorders,Sex,Female,311
2021-07,Schizophrenia Spectrum Disorders,Sex,Male,608
2021-06,Schizophrenia Spectrum Disorders,Sex,All,472
2021-06,Schizophrenia Spectrum Disorders,Sex,Female,327
2021-06,Schizophrenia Spectrum Disorders,Sex,Male,658
2021-05,Schizophrenia Spectrum Disorders,Sex,All,488
2021-05,Schizophrenia Spectrum Disorders,Sex,Female,335
2021-05,Schizophrenia Spectrum Disorders,Sex,Male,683
2021-04,Schizophrenia Spectrum Disorders,Sex,All,492
2021-04,Schizophrenia Spectrum Disorders,Sex,Female,335
2021-04,Schizophrenia Spectrum Disorders,Sex,Male,696
2021-03,Schizophrenia Spectrum Disorders,Sex,All,548
2021-03,Schizophrenia Spectrum Disorders,Sex,Female,375
2021-03,Schizophrenia Spectrum Disorders,Sex,Male,772
2021-02,Schizophrenia Spectrum Disorders,Sex,All,580
2021-02,Schizophrenia Spectrum Disorders,Sex,Female,393
2021-02,Schizophrenia Spectrum Disorders,Sex,Male,817
2021-01,Schizophrenia Spectrum Disorders,Sex,All,561
2021-01,Schizophrenia Spectrum Disorders,Sex,Female,371
2021-01,Schizophrenia Spectrum Disorders,Sex,Male,800
2020-12,Schizophrenia Spectrum Disorders,Sex,All,549
2020-12,Schizophrenia Spectrum Disorders,Sex,Female,371
2020-12,Schizophrenia Spectrum Disorders,Sex,Male,772
2020-11,Schizophrenia Spectrum Disorders,Sex,All,538
2020-11,Schizophrenia Spectrum Disorders,Sex,Female,365
2020-11,Schizophrenia Spectrum Disorders,Sex,Male,758
2020-10,Schizophrenia Spectrum Disorders,Sex,All,559
2020-10,Schizophrenia Spectrum Disorders,Sex,Female,384
2020-10,Schizophrenia Spectrum Disorders,Sex,Male,784
2020-09,Schizophrenia Spectrum Disorders,Sex,All,588
2020-09,Schizophrenia Spectrum Disorders,Sex,Female,411
2020-09,Schizophrenia Spectrum Disorders,Sex,Male,811
2020-08,Schizophrenia Spectrum Disorders,Sex,All,600
2020-08,Schizophrenia Spectrum Disorders,Sex,Female,422
2020-08,Schizophrenia Spectrum Disorders,Sex,Male,821
2020-07,Schizophrenia Spectrum Disorders,Sex,All,588
2020-07,Schizophrenia Spectrum Disorders,Sex,Female,410
2020-07,Schizophrenia Spectrum Disorders,Sex,Male,808
2020-06,Schizophrenia Spectrum Disorders,Sex,All,612
2020-06,Schizophrenia Spectrum Disorders,Sex,Female,427
2020-06,Schizophrenia Spectrum Disorders,Sex,Male,838
2020-05,Schizophrenia Spectrum Disorders,Sex,All,682
2020-05,Schizophrenia Spectrum Disorders,Sex,Female,473
2020-05,Schizophrenia Spectrum Disorders,Sex,Male,930
2020-04,Schizophrenia Spectrum Disorders,Sex,All,744
2020-04,Schizophrenia Spectrum Disorders,Sex,Female,506
2020-04,Schizophrenia Spectrum Disorders,Sex,Male,1015
2020-03,Schizophrenia Spectrum Disorders,Sex,All,534
2020-03,Schizophrenia Spectrum Disorders,Sex,Female,361
2020-03,Schizophrenia Spectrum Disorders,Sex,Male,743
2020-02,Schizophrenia Spectrum Disorders,Sex,All,461
2020-02,Schizophrenia Spectrum Disorders,Sex,Female,315
2020-02,Schizophrenia Spectrum Disorders,Sex,Male,654
2020-01,Schizophrenia Spectrum Disorders,Sex,All,456
2020-01,Schizophrenia Spectrum Disorders,Sex,Female,312
2020-01,Schizophrenia Spectrum Disorders,Sex,Male,648
2019-12,Schizophrenia Spectrum Disorders,Sex,All,435
2019-12,Schizophrenia Spectrum Disorders,Sex,Female,300
2019-12,Schizophrenia Spectrum Disorders,Sex,Male,614
2019-11,Schizophrenia Spectrum Disorders,Sex,All,460
2019-11,Schizophrenia Spectrum Disorders,Sex,Female,315
2019-11,Schizophrenia Spectrum Disorders,Sex,Male,650
2019-10,Schizophrenia Spectrum Disorders,Sex,All,467
2019-10,Schizophrenia Spectrum Disorders,Sex,Female,327
2019-10,Schizophrenia Spectrum Disorders,Sex,Male,653
2019-09,Schizophrenia Spectrum Disorders,Sex,All,460
2019-09,Schizophrenia Spectrum Disorders,Sex,Female,330
2019-09,Schizophrenia Spectrum Disorders,Sex,Male,632
2019-08,Schizophrenia Spectrum Disorders,Sex,All,482
2019-08,Schizophrenia Spectrum Disorders,Sex,Female,344
2019-08,Schizophrenia Spectrum Disorders,Sex,Male,666
2019-07,Schizophrenia Spectrum Disorders,Sex,All,478
2019-07,Schizophrenia Spectrum Disorders,Sex,Female,335
2019-07,Schizophrenia Spectrum Disorders,Sex,Male,667
2019-06,Schizophrenia Spectrum Disorders,Sex,All,457
2019-06,Schizophrenia Spectrum Disorders,Sex,Female,320
2019-06,Schizophrenia Spectrum Disorders,Sex,Male,637
2019-05,Schizophrenia Spectrum Disorders,Sex,All,444
2019-05,Schizophrenia Spectrum Disorders,Sex,Female,310
2019-05,Schizophrenia Spectrum Disorders,Sex,Male,621
2019-04,Schizophrenia Spectrum Disorders,Sex,All,449
2019-04,Schizophrenia Spectrum Disorders,Sex,Female,308
2019-04,Schizophrenia Spectrum Disorders,Sex,Male,630
2019-03,Schizophrenia Spectrum Disorders,Sex,All,428
2019-03,Schizophrenia Spectrum Disorders,Sex,Female,296
2019-03,Schizophrenia Spectrum Disorders,Sex,Male,599
2019-02,Schizophrenia Spectrum Disorders,Sex,All,423
2019-02,Schizophrenia Spectrum Disorders,Sex,Female,292
2019-02,Schizophrenia Spectrum Disorders,Sex,Male,592
2019-01,Schizophrenia Spectrum Disorders,Sex,All,405
2019-01,Schizophrenia Spectrum Disorders,Sex,Female,277
2019-01,Schizophrenia Spectrum Disorders,Sex,Male,570
2025-12,Suspected Suicide Attempts,Sex,All,136
2025-12,Suspected Suicide Attempts,Sex,Female,147
2025-12,Suspected Suicide Attempts,Sex,Male,123
2025-11,Suspected Suicide Attempts,Sex,All,165
2025-11,Suspected Suicide Attempts,Sex,Female,184
2025-11,Suspected Suicide Attempts,Sex,Male,141
2025-10,Suspected Suicide Attempts,Sex,All,160
2025-10,Suspected Suicide Attempts,Sex,Female,177
2025-10,Suspected Suicide Attempts,Sex,Male,139
2025-09,Suspected Suicide Attempts,Sex,All,158
2025-09,Suspected Suicide Attempts,Sex,Female,173
2025-09,Suspected Suicide Attempts,Sex,Male,139
2025-08,Suspected Suicide Attempts,Sex,All,152
2025-08,Suspected Suicide Attempts,Sex,Female,164
2025-08,Suspected Suicide Attempts,Sex,Male,138
2025-07,Suspected Suicide Attempts,Sex,All,154
2025-07,Suspected Suicide Attempts,Sex,Female,165
2025-07,Suspected Suicide Attempts,Sex,Male,139
2025-06,Suspected Suicide Attempts,Sex,All,151
2025-06,Suspected Suicide Attempts,Sex,Female,161
2025-06,Suspected Suicide Attempts,Sex,Male,139
2025-05,Suspected Suicide Attempts,Sex,All,155
2025-05,Suspected Suicide Attempts,Sex,Female,168
2025-05,Suspected Suicide Attempts,Sex,Male,139
2025-04,Suspected Suicide Attempts,Sex,All,153
2025-04,Suspected Suicide Attempts,Sex,Female,168
2025-04,Suspected Suicide Attempts,Sex,Male,136
2025-03,Suspected Suicide Attempts,Sex,All,149
2025-03,Suspected Suicide Attempts,Sex,Female,162
2025-03,Suspected Suicide Attempts,Sex,Male,133
2025-02,Suspected Suicide Attempts,Sex,All,138
2025-02,Suspected Suicide Attempts,Sex,Female,148
2025-02,Suspected Suicide Attempts,Sex,Male,126
2025-01,Suspected Suicide Attempts,Sex,All,134
2025-01,Suspected Suicide Attempts,Sex,Female,144
2025-01,Suspected Suicide Attempts,Sex,Male,121
2024-12,Suspected Suicide Attempts,Sex,All,129
2024-12,Suspected Suicide Attempts,Sex,Female,134
2024-12,Suspected Suicide Attempts,Sex,Male,122
2024-11,Suspected Suicide Attempts,Sex,All,148
2024-11,Suspected Suicide Attempts,Sex,Female,161
2024-11,Suspected Suicide Attempts,Sex,Male,133
2024-10,Suspected Suicide Attempts,Sex,All,155
2024-10,Suspected Suicide Attempts,Sex,Female,169
2024-10,Suspected Suicide Attempts,Sex,Male,138
2024-09,Suspected Suicide Attempts,Sex,All,157
2024-09,Suspected Suicide Attempts,Sex,Female,172
2024-09,Suspected Suicide Attempts,Sex,Male,139
2024-08,Suspected Suicide Attempts,Sex,All,150
2024-08,Suspected Suicide Attempts,Sex,Female,161
2024-08,Suspected Suicide Attempts,Sex,Male,136
2024-07,Suspected Suicide Attempts,Sex,All,148
2024-07,Suspected Suicide Attempts,Sex,Female,157
2024-07,Suspected Suicide Attempts,Sex,Male,136
2024-06,Suspected Suicide Attempts,Sex,All,147
2024-06,Suspected Suicide Attempts,Sex,Female,159
2024-06,Suspected Suicide Attempts,Sex,Male,134
2024-05,Suspected Suicide Attempts,Sex,All,149
2024-05,Suspected Suicide Attempts,Sex,Female,162
2024-05,Suspected Suicide Attempts,Sex,Male,133
2024-04,Suspected Suicide Attempts,Sex,All,153
2024-04,Suspected Suicide Attempts,Sex,Female,168
2024-04,Suspected Suicide Attempts,Sex,Male,134
2024-03,Suspected Suicide Attempts,Sex,All,144
2024-03,Suspected Suicide Attempts,Sex,Female,156
2024-03,Suspected Suicide Attempts,Sex,Male,130
2024-02,Suspected Suicide Attempts,Sex,All,141
2024-02,Suspected Suicide Attempts,Sex,Female,152
2024-02,Suspected Suicide Attempts,Sex,Male,128
2024-01,Suspected Suicide Attempts,Sex,All,143
2024-01,Suspected Suicide Attempts,Sex,Female,155
2024-01,Suspected Suicide Attempts,Sex,Male,128
2023-12,Suspected Suicide Attempts,Sex,All,124
2023-12,Suspected Suicide Attempts,Sex,Female,133
2023-12,Suspected Suicide Attempts,Sex,Male,114
2023-11,Suspected Suicide Attempts,Sex,All,141
2023-11,Suspected Suicide Attempts,Sex,Female,154
2023-11,Suspected Suicide Attempts,Sex,Male,125
2023-10,Suspected Suicide Attempts,Sex,All,150
2023-10,Suspected Suicide Attempts,Sex,Female,165
2023-10,Suspected Suicide Attempts,Sex,Male,133
2023-09,Suspected Suicide Attempts,Sex,All,150
2023-09,Suspected Suicide Attempts,Sex,Female,163
2023-09,Suspected Suicide Attempts,Sex,Male,135
2023-08,Suspected Suicide Attempts,Sex,All,150
2023-08,Suspected Suicide Attempts,Sex,Female,163
2023-08,Suspected Suicide Attempts,Sex,Male,136
2023-07,Suspected Suicide Attempts,Sex,All,152
2023-07,Suspected Suicide Attempts,Sex,Female,166
2023-07,Suspected Suicide Attempts,Sex,Male,137
2023-06,Suspected Suicide Attempts,Sex,All,148
2023-06,Suspected Suicide Attempts,Sex,Female,159
2023-06,Suspected Suicide Attempts,Sex,Male,136
2023-05,Suspected Suicide Attempts,Sex,All,157
2023-05,Suspected Suicide Attempts,Sex,Female,175
2023-05,Suspected Suicide Attempts,Sex,Male,137
2023-04,Suspected Suicide Attempts,Sex,All,164
2023-04,Suspected Suicide Attempts,Sex,Female,188
2023-04,Suspected Suicide Attempts,Sex,Male,138
2023-03,Suspected Suicide Attempts,Sex,All,161
2023-03,Suspected Suicide Attempts,Sex,Female,181
2023-03,Suspected Suicide Attempts,Sex,Male,139
2023-02,Suspected Suicide Attempts,Sex,All,169
2023-02,Suspected Suicide Attempts,Sex,Female,193
2023-02,Suspected Suicide Attempts,Sex,Male,141
2023-01,Suspected Suicide Attempts,Sex,All,167
2023-01,Suspected Suicide Attempts,Sex,Female,189
2023-01,Suspected Suicide Attempts,Sex,Male,141
2022-12,Suspected Suicide Attempts,Sex,All,136
2022-12,Suspected Suicide Attempts,Sex,Female,150
2022-12,Suspected Suicide Attempts,Sex,Male,120
2022-11,Suspected Suicide Attempts,Sex,All,139
2022-11,Suspected Suicide Attempts,Sex,Female,157
2022-11,Suspected Suicide Attempts,Sex,Male,118
2022-10,Suspected Suicide Attempts,Sex,All,152
2022-10,Suspected Suicide Attempts,Sex,Female,169
2022-10,Suspected Suicide Attempts,Sex,Male,133
2022-09,Suspected Suicide Attempts,Sex,All,157
2022-09,Suspected Suicide Attempts,Sex,Female,176
2022-09,Suspected Suicide Attempts,Sex,Male,135
2022-08,Suspected Suicide Attempts,Sex,All,148
2022-08,Suspected Suicide Attempts,Sex,Female,161
2022-08,Suspected Suicide Attempts,Sex,Male,133
2022-07,Suspected Suicide Attempts,Sex,All,145
2022-07,Suspected Suicide Attempts,Sex,Female,156
2022-07,Suspected Suicide Attempts,Sex,Male,133
2022-06,Suspected Suicide Attempts,Sex,All,146
2022-06,Suspected Suicide Attempts,Sex,Female,161
2022-06,Suspected Suicide Attempts,Sex,Male,130
2022-05,Suspected Suicide Attempts,Sex,All,159
2022-05,Suspected Suicide Attempts,Sex,Female,180
2022-05,Suspected Suicide Attempts,Sex,Male,135
2022-04,Suspected Suicide Attempts,Sex,All,161
2022-04,Suspected Suicide Attempts,Sex,Female,180
2022-04,Suspected Suicide Attempts,Sex,Male,141
2022-03,Suspected Suicide Attempts,Sex,All,172
2022-03,Suspected Suicide Attempts,Sex,Female,193
2022-03,Suspected Suicide Attempts,Sex,Male,151
2022-02,Suspected Suicide Attempts,Sex,All,189
2022-02,Suspected Suicide Attempts,Sex,Female,219
2022-02,Suspected Suicide Attempts,Sex,Male,157
2022-01,Suspected Suicide Attempts,Sex,All,154
2022-01,Suspected Suicide Attempts,Sex,Female,172
2022-01,Suspected Suicide Attempts,Sex,Male,136
2021-12,Suspected Suicide Attempts,Sex,All,137
2021-12,Suspected Suicide Attempts,Sex,Female,153
2021-12,Suspected Suicide Attempts,Sex,Male,120
2021-11,Suspected Suicide Attempts,Sex,All,165
2021-11,Suspected Suicide Attempts,Sex,Female,192
2021-11,Suspected Suicide Attempts,Sex,Male,136
2021-10,Suspected Suicide Attempts,Sex,All,166
2021-10,Suspected Suicide Attempts,Sex,Female,191
2021-10,Suspected Suicide Attempts,Sex,Male,141
2021-09,Suspected Suicide Attempts,Sex,All,155
2021-09,Suspected Suicide Attempts,Sex,Female,180
2021-09,Suspected Suicide Attempts,Sex,Male,130
2021-08,Suspected Suicide Attempts,Sex,All,135
2021-08,Suspected Suicide Attempts,Sex,Female,151
2021-08,Suspected Suicide Attempts,Sex,Male,121
2021-07,Suspected Suicide Attempts,Sex,All,140
2021-07,Suspected Suicide Attempts,Sex,Female,154
2021-07,Suspected Suicide Attempts,Sex,Male,126
2021-06,Suspected Suicide Attempts,Sex,All,152
2021-06,Suspected Suicide Attempts,Sex,Female,170
2021-06,Suspected Suicide Attempts,Sex,Male,135
2021-05,Suspected Suicide Attempts,Sex,All,168
2021-05,Suspected Suicide Attempts,Sex,Female,194
2021-05,Suspected Suicide Attempts,Sex,Male,141
2021-04,Suspected Suicide Attempts,Sex,All,164
2021-04,Suspected Suicide Attempts,Sex,Female,193
2021-04,Suspected Suicide Attempts,Sex,Male,135
2021-03,Suspected Suicide Attempts,Sex,All,176
2021-03,Suspected Suicide Attempts,Sex,Female,203
2021-03,Suspected Suicide Attempts,Sex,Male,148
2021-02,Suspected Suicide Attempts,Sex,All,191
2021-02,Suspected Suicide Attempts,Sex,Female,220
2021-02,Suspected Suicide Attempts,Sex,Male,161
2021-01,Suspected Suicide Attempts,Sex,All,173
2021-01,Suspected Suicide Attempts,Sex,Female,196
2021-01,Suspected Suicide Attempts,Sex,Male,149
2020-12,Suspected Suicide Attempts,Sex,All,161
2020-12,Suspected Suicide Attempts,Sex,Female,176
2020-12,Suspected Suicide Attempts,Sex,Male,146
2020-11,Suspected Suicide Attempts,Sex,All,170
2020-11,Suspected Suicide Attempts,Sex,Female,192
2020-11,Suspected Suicide Attempts,Sex,Male,147
2020-10,Suspected Suicide Attempts,Sex,All,173
2020-10,Suspected Suicide Attempts,Sex,Female,196
2020-10,Suspected Suicide Attempts,Sex,Male,150
2020-09,Suspected Suicide Attempts,Sex,All,173
2020-09,Suspected Suicide Attempts,Sex,Female,195
2020-09,Suspected Suicide Attempts,Sex,Male,150
2020-08,Suspected Suicide Attempts,Sex,All,163
2020-08,Suspected Suicide Attempts,Sex,Female,179
2020-08,Suspected Suicide Attempts,Sex,Male,147
2020-07,Suspected Suicide Attempts,Sex,All,155
2020-07,Suspected Suicide Attempts,Sex,Female,169
2020-07,Suspected Suicide Attempts,Sex,Male,142
2020-06,Suspected Suicide Attempts,Sex,All,160
2020-06,Suspected Suicide Attempts,Sex,Female,172
2020-06,Suspected Suicide Attempts,Sex,Male,151
2020-05,Suspected Suicide Attempts,Sex,All,185
2020-05,Suspected Suicide Attempts,Sex,Female,202
2020-05,Suspected Suicide Attempts,Sex,Male,168
2020-04,Suspected Suicide Attempts,Sex,All,198
2020-04,Suspected Suicide Attempts,Sex,Female,218
2020-04,Suspected Suicide Attempts,Sex,Male,180
2020-03,Suspected Suicide Attempts,Sex,All,149
2020-03,Suspected Suicide Attempts,Sex,Female,160
2020-03,Suspected Suicide Attempts,Sex,Male,140
2020-02,Suspected Suicide Attempts,Sex,All,140
2020-02,Suspected Suicide Attempts,Sex,Female,151
2020-02,Suspected Suicide Attempts,Sex,Male,129
2020-01,Suspected Suicide Attempts,Sex,All,133
2020-01,Suspected Suicide Attempts,Sex,Female,140
2020-01,Suspected Suicide Attempts,Sex,Male,126
2019-12,Suspected Suicide Attempts,Sex,All,123
2019-12,Suspected Suicide Attempts,Sex,Female,128
2019-12,Suspected Suicide Attempts,Sex,Male,119
2019-11,Suspected Suicide Attempts,Sex,All,134
2019-11,Suspected Suicide Attempts,Sex,Female,142
2019-11,Suspected Suicide Attempts,Sex,Male,128
2019-10,Suspected Suicide Attempts,Sex,All,137
2019-10,Suspected Suicide Attempts,Sex,Female,149
2019-10,Suspected Suicide Attempts,Sex,Male,127
2019-09,Suspected Suicide Attempts,Sex,All,134
2019-09,Suspected Suicide Attempts,Sex,Female,143
2019-09,Suspected Suicide Attempts,Sex,Male,128
2019-08,Suspected Suicide Attempts,Sex,All,132
2019-08,Suspected Suicide Attempts,Sex,Female,136
2019-08,Suspected Suicide Attempts,Sex,Male,131
2019-07,Suspected Suicide Attempts,Sex,All,127
2019-07,Suspected Suicide Attempts,Sex,Female,135
2019-07,Suspected Suicide Attempts,Sex,Male,122
2019-06,Suspected Suicide Attempts,Sex,All,128
2019-06,Suspected Suicide Attempts,Sex,Female,135
2019-06,Suspected Suicide Attempts,Sex,Male,125
2019-05,Suspected Suicide Attempts,Sex,All,129
2019-05,Suspected Suicide Attempts,Sex,Female,138
2019-05,Suspected Suicide Attempts,Sex,Male,121
2019-04,Suspected Suicide Attempts,Sex,All,128
2019-04,Suspected Suicide Attempts,Sex,Female,139
2019-04,Suspected Suicide Attempts,Sex,Male,116
2019-03,Suspected Suicide Attempts,Sex,All,122
2019-03,Suspected Suicide Attempts,Sex,Female,129
2019-03,Suspected Suicide Attempts,Sex,Male,115
2019-02,Suspected Suicide Attempts,Sex,All,127
2019-02,Suspected Suicide Attempts,Sex,Female,135
2019-02,Suspected Suicide Attempts,Sex,Male,117
2019-01,Suspected Suicide Attempts,Sex,All,121
2019-01,Suspected Suicide Attempts,Sex,Female,127
2019-01,Suspected Suicide Attempts,Sex,Male,114
2025-12,Trauma and Stressor-related Disorders,Sex,All,366
2025-12,Trauma and Stressor-related Disorders,Sex,Female,379
2025-12,Trauma and Stressor-related Disorders,Sex,Male,349
2025-11,Trauma and Stressor-related Disorders,Sex,All,423
2025-11,Trauma and Stressor-related Disorders,Sex,Female,437
2025-11,Trauma and Stressor-related Disorders,Sex,Male,404
2025-10,Trauma and Stressor-related Disorders,Sex,All,429
2025-10,Trauma and Stressor-related Disorders,Sex,Female,451
2025-10,Trauma and Stressor-related Disorders,Sex,Male,401
2025-09,Trauma and Stressor-related Disorders,Sex,All,420
2025-09,Trauma and Stressor-related Disorders,Sex,Female,442
2025-09,Trauma and Stressor-related Disorders,Sex,Male,392
2025-08,Trauma and Stressor-related Disorders,Sex,All,409
2025-08,Trauma and Stressor-related Disorders,Sex,Female,428
2025-08,Trauma and Stressor-related Disorders,Sex,Male,384
2025-07,Trauma and Stressor-related Disorders,Sex,All,413
2025-07,Trauma and Stressor-related Disorders,Sex,Female,434
2025-07,Trauma and Stressor-related Disorders,Sex,Male,387
2025-06,Trauma and Stressor-related Disorders,Sex,All,412
2025-06,Trauma and Stressor-related Disorders,Sex,Female,434
2025-06,Trauma and Stressor-related Disorders,Sex,Male,385
2025-05,Trauma and Stressor-related Disorders,Sex,All,421
2025-05,Trauma and Stressor-related Disorders,Sex,Female,438
2025-05,Trauma and Stressor-related Disorders,Sex,Male,399
2025-04,Trauma and Stressor-related Disorders,Sex,All,418
2025-04,Trauma and Stressor-related Disorders,Sex,Female,440
2025-04,Trauma and Stressor-related Disorders,Sex,Male,390
2025-03,Trauma and Stressor-related Disorders,Sex,All,411
2025-03,Trauma and Stressor-related Disorders,Sex,Female,431
2025-03,Trauma and Stressor-related Disorders,Sex,Male,385
2025-02,Trauma and Stressor-related Disorders,Sex,All,379
2025-02,Trauma and Stressor-related Disorders,Sex,Female,390
2025-02,Trauma and Stressor-related Disorders,Sex,Male,364
2025-01,Trauma and Stressor-related Disorders,Sex,All,372
2025-01,Trauma and Stressor-related Disorders,Sex,Female,380
2025-01,Trauma and Stressor-related Disorders,Sex,Male,360
2024-12,Trauma and Stressor-related Disorders,Sex,All,358
2024-12,Trauma and Stressor-related Disorders,Sex,Female,370
2024-12,Trauma and Stressor-related Disorders,Sex,Male,342
2024-11,Trauma and Stressor-related Disorders,Sex,All,407
2024-11,Trauma and Stressor-related Disorders,Sex,Female,422
2024-11,Trauma and Stressor-related Disorders,Sex,Male,387
2024-10,Trauma and Stressor-related Disorders,Sex,All,407
2024-10,Trauma and Stressor-related Disorders,Sex,Female,425
2024-10,Trauma and Stressor-related Disorders,Sex,Male,383
2024-09,Trauma and Stressor-related Disorders,Sex,All,404
2024-09,Trauma and Stressor-related Disorders,Sex,Female,420
2024-09,Trauma and Stressor-related Disorders,Sex,Male,384
2024-08,Trauma and Stressor-related Disorders,Sex,All,399
2024-08,Trauma and Stressor-related Disorders,Sex,Female,414
2024-08,Trauma and Stressor-related Disorders,Sex,Male,379
2024-07,Trauma and Stressor-related Disorders,Sex,All,394
2024-07,Trauma and Stressor-related Disorders,Sex,Female,410
2024-07,Trauma and Stressor-related Disorders,Sex,Male,373
2024-06,Trauma and Stressor-related Disorders,Sex,All,396
2024-06,Trauma and Stressor-related Disorders,Sex,Female,410
2024-06,Trauma and Stressor-related Disorders,Sex,Male,377
2024-05,Trauma and Stressor-related Disorders,Sex,All,395
2024-05,Trauma and Stressor-related Disorders,Sex,Female,416
2024-05,Trauma and Stressor-related Disorders,Sex,Male,369
2024-04,Trauma and Stressor-related Disorders,Sex,All,398
2024-04,Trauma and Stressor-related Disorders,Sex,Female,416
2024-04,Trauma and Stressor-related Disorders,Sex,Male,375
2024-03,Trauma and Stressor-related Disorders,Sex,All,393
2024-03,Trauma and Stressor-related Disorders,Sex,Female,407
2024-03,Trauma and Stressor-related Disorders,Sex,Male,378
2024-02,Trauma and Stressor-related Disorders,Sex,All,394
2024-02,Trauma and Stressor-related Disorders,Sex,Female,406
2024-02,Trauma and Stressor-related Disorders,Sex,Male,380
2024-01,Trauma and Stressor-related Disorders,Sex,All,385
2024-01,Trauma and Stressor-related Disorders,Sex,Female,398
2024-01,Trauma and Stressor-related Disorders,Sex,Male,370
2023-12,Trauma and Stressor-related Disorders,Sex,All,343
2023-12,Trauma and Stressor-related Disorders,Sex,Female,355
2023-12,Trauma and Stressor-related Disorders,Sex,Male,330
2023-11,Trauma and Stressor-related Disorders,Sex,All,381
2023-11,Trauma and Stressor-related Disorders,Sex,Female,399
2023-11,Trauma and Stressor-related Disorders,Sex,Male,360
2023-10,Trauma and Stressor-related Disorders,Sex,All,406
2023-10,Trauma and Stressor-related Disorders,Sex,Female,427
2023-10,Trauma and Stressor-related Disorders,Sex,Male,382
2023-09,Trauma and Stressor-related Disorders,Sex,All,399
2023-09,Trauma and Stressor-related Disorders,Sex,Female,421
2023-09,Trauma and Stressor-related Disorders,Sex,Male,374
2023-08,Trauma and Stressor-related Disorders,Sex,All,397
2023-08,Trauma and Stressor-related Disorders,Sex,Female,418
2023-08,Trauma and Stressor-related Disorders,Sex,Male,375
2023-07,Trauma and Stressor-related Disorders,Sex,All,402
2023-07,Trauma and Stressor-related Disorders,Sex,Female,424
2023-07,Trauma and Stressor-related Disorders,Sex,Male,379
2023-06,Trauma and Stressor-related Disorders,Sex,All,406
2023-06,Trauma and Stressor-related Disorders,Sex,Female,426
2023-06,Trauma and Stressor-related Disorders,Sex,Male,384
2023-05,Trauma and Stressor-related Disorders,Sex,All,413
2023-05,Trauma and Stressor-related Disorders,Sex,Female,437
2023-05,Trauma and Stressor-related Disorders,Sex,Male,386
2023-04,Trauma and Stressor-related Disorders,Sex,All,413
2023-04,Trauma and Stressor-related Disorders,Sex,Female,442
2023-04,Trauma and Stressor-related Disorders,Sex,Male,380
2023-03,Trauma and Stressor-related Disorders,Sex,All,419
2023-03,Trauma and Stressor-related Disorders,Sex,Female,440
2023-03,Trauma and Stressor-related Disorders,Sex,Male,395
2023-02,Trauma and Stressor-related Disorders,Sex,All,420
2023-02,Trauma and Stressor-related Disorders,Sex,Female,444
2023-02,Trauma and Stressor-related Disorders,Sex,Male,393
2023-01,Trauma and Stressor-related Disorders,Sex,All,417
2023-01,Trauma and Stressor-related Disorders,Sex,Female,441
2023-01,Trauma and Stressor-related Disorders,Sex,Male,390
2022-12,Trauma and Stressor-related Disorders,Sex,All,357
2022-12,Trauma and Stressor-related Disorders,Sex,Female,374
2022-12,Trauma and Stressor-related Disorders,Sex,Male,339
2022-11,Trauma and Stressor-related Disorders,Sex,All,353
2022-11,Trauma and Stressor-related Disorders,Sex,Female,372
2022-11,Trauma and Stressor-related Disorders,Sex,Male,332
2022-10,Trauma and Stressor-related Disorders,Sex,All,377
2022-10,Trauma and Stressor-related Disorders,Sex,Female,397
2022-10,Trauma and Stressor-related Disorders,Sex,Male,355
2022-09,Trauma and Stressor-related Disorders,Sex,All,390
2022-09,Trauma and Stressor-related Disorders,Sex,Female,415
2022-09,Trauma and Stressor-related Disorders,Sex,Male,361
2022-08,Trauma and Stressor-related Disorders,Sex,All,385
2022-08,Trauma and Stressor-related Disorders,Sex,Female,410
2022-08,Trauma and Stressor-related Disorders,Sex,Male,357
2022-07,Trauma and Stressor-related Disorders,Sex,All,379
2022-07,Trauma and Stressor-related Disorders,Sex,Female,401
2022-07,Trauma and Stressor-related Disorders,Sex,Male,354
2022-06,Trauma and Stressor-related Disorders,Sex,All,391
2022-06,Trauma and Stressor-related Disorders,Sex,Female,409
2022-06,Trauma and Stressor-related Disorders,Sex,Male,370
2022-05,Trauma and Stressor-related Disorders,Sex,All,398
2022-05,Trauma and Stressor-related Disorders,Sex,Female,425
2022-05,Trauma and Stressor-related Disorders,Sex,Male,368
2022-04,Trauma and Stressor-related Disorders,Sex,All,415
2022-04,Trauma and Stressor-related Disorders,Sex,Female,440
2022-04,Trauma and Stressor-related Disorders,Sex,Male,390
2022-03,Trauma and Stressor-related Disorders,Sex,All,441
2022-03,Trauma and Stressor-related Disorders,Sex,Female,467
2022-03,Trauma and Stressor-related Disorders,Sex,Male,415
2022-02,Trauma and Stressor-related Disorders,Sex,All,454
2022-02,Trauma and Stressor-related Disorders,Sex,Female,487
2022-02,Trauma and Stressor-related Disorders,Sex,Male,421
2022-01,Trauma and Stressor-related Disorders,Sex,All,368
2022-01,Trauma and Stressor-related Disorders,Sex,Female,381
2022-01,Trauma and Stressor-related Disorders,Sex,Male,356
2021-12,Trauma and Stressor-related Disorders,Sex,All,351
2021-12,Trauma and Stressor-related Disorders,Sex,Female,370
2021-12,Trauma and Stressor-related Disorders,Sex,Male,334
2021-11,Trauma and Stressor-related Disorders,Sex,All,396
2021-11,Trauma and Stressor-related Disorders,Sex,Female,425
2021-11,Trauma and Stressor-related Disorders,Sex,Male,368
2021-10,Trauma and Stressor-related Disorders,Sex,All,414
2021-10,Trauma and Stressor-related Disorders,Sex,Female,445
2021-10,Trauma and Stressor-related Disorders,Sex,Male,383
2021-09,Trauma and Stressor-related Disorders,Sex,All,391
2021-09,Trauma and Stressor-related Disorders,Sex,Female,421
2021-09,Trauma and Stressor-related Disorders,Sex,Male,361
2021-08,Trauma and Stressor-related Disorders,Sex,All,368
2021-08,Trauma and Stressor-related Disorders,Sex,Female,393
2021-08,Trauma and Stressor-related Disorders,Sex,Male,344
2021-07,Trauma and Stressor-related Disorders,Sex,All,391
2021-07,Trauma and Stressor-related Disorders,Sex,Female,416
2021-07,Trauma and Stressor-related Disorders,Sex,Male,367
2021-06,Trauma and Stressor-related Disorders,Sex,All,423
2021-06,Trauma and Stressor-related Disorders,Sex,Female,457
2021-06,Trauma and Stressor-related Disorders,Sex,Male,389
2021-05,Trauma and Stressor-related Disorders,Sex,All,441
2021-05,Trauma and Stressor-related Disorders,Sex,Female,477
2021-05,Trauma and Stressor-related Disorders,Sex,Male,405
2021-04,Trauma and Stressor-related Disorders,Sex,All,443
2021-04,Trauma and Stressor-related Disorders,Sex,Female,475
2021-04,Trauma and Stressor-related Disorders,Sex,Male,413
2021-03,Trauma and Stressor-related Disorders,Sex,All,477
2021-03,Trauma and Stressor-related Disorders,Sex,Female,509
2021-03,Trauma and Stressor-related Disorders,Sex,Male,448
2021-02,Trauma and Stressor-related Disorders,Sex,All,497
2021-02,Trauma and Stressor-related Disorders,Sex,Female,526
2021-02,Trauma and Stressor-related Disorders,Sex,Male,471
2021-01,Trauma and Stressor-related Disorders,Sex,All,469
2021-01,Trauma and Stressor-related Disorders,Sex,Female,493
2021-01,Trauma and Stressor-related Disorders,Sex,Male,446
2020-12,Trauma and Stressor-related Disorders,Sex,All,445
2020-12,Trauma and Stressor-related Disorders,Sex,Female,466
2020-12,Trauma and Stressor-related Disorders,Sex,Male,427
2020-11,Trauma and Stressor-related Disorders,Sex,All,455
2020-11,Trauma and Stressor-related Disorders,Sex,Female,478
2020-11,Trauma and Stressor-related Disorders,Sex,Male,435
2020-10,Trauma and Stressor-related Disorders,Sex,All,483
2020-10,Trauma and Stressor-related Disorders,Sex,Female,517
2020-10,Trauma and Stressor-related Disorders,Sex,Male,449
2020-09,Trauma and Stressor-related Disorders,Sex,All,496
2020-09,Trauma and Stressor-related Disorders,Sex,Female,533
2020-09,Trauma and Stressor-related Disorders,Sex,Male,462
2020-08,Trauma and Stressor-related Disorders,Sex,All,506
2020-08,Trauma and Stressor-related Disorders,Sex,Female,547
2020-08,Trauma and Stressor-related Disorders,Sex,Male,466
2020-07,Trauma and Stressor-related Disorders,Sex,All,492
2020-07,Trauma and Stressor-related Disorders,Sex,Female,521
2020-07,Trauma and Stressor-related Disorders,Sex,Male,467
2020-06,Trauma and Stressor-related Disorders,Sex,All,514
2020-06,Trauma and Stressor-related Disorders,Sex,Female,548
2020-06,Trauma and Stressor-related Disorders,Sex,Male,482
2020-05,Trauma and Stressor-related Disorders,Sex,All,549
2020-05,Trauma and Stressor-related Disorders,Sex,Female,588
2020-05,Trauma and Stressor-related Disorders,Sex,Male,513
2020-04,Trauma and Stressor-related Disorders,Sex,All,555
2020-04,Trauma and Stressor-related Disorders,Sex,Female,583
2020-04,Trauma and Stressor-related Disorders,Sex,Male,530
2020-03,Trauma and Stressor-related Disorders,Sex,All,455
2020-03,Trauma and Stressor-related Disorders,Sex,Female,475
2020-03,Trauma and Stressor-related Disorders,Sex,Male,434
2020-02,Trauma and Stressor-related Disorders,Sex,All,446
2020-02,Trauma and Stressor-related Disorders,Sex,Female,466
2020-02,Trauma and Stressor-related Disorders,Sex,Male,428
2020-01,Trauma and Stressor-related Disorders,Sex,All,425
2020-01,Trauma and Stressor-related Disorders,Sex,Female,441
2020-01,Trauma and Stressor-related Disorders,Sex,Male,410
2019-12,Trauma and Stressor-related Disorders,Sex,All,405
2019-12,Trauma and Stressor-related Disorders,Sex,Female,421
2019-12,Trauma and Stressor-related Disorders,Sex,Male,391
2019-11,Trauma and Stressor-related Disorders,Sex,All,439
2019-11,Trauma and Stressor-related Disorders,Sex,Female,459
2019-11,Trauma and Stressor-related Disorders,Sex,Male,421
2019-10,Trauma and Stressor-related Disorders,Sex,All,460
2019-10,Trauma and Stressor-related Disorders,Sex,Female,486
2019-10,Trauma and Stressor-related Disorders,Sex,Male,436
2019-09,Trauma and Stressor-related Disorders,Sex,All,457
2019-09,Trauma and Stressor-related Disorders,Sex,Female,485
2019-09,Trauma and Stressor-related Disorders,Sex,Male,430
2019-08,Trauma and Stressor-related Disorders,Sex,All,458
2019-08,Trauma and Stressor-related Disorders,Sex,Female,480
2019-08,Trauma and Stressor-related Disorders,Sex,Male,438
2019-07,Trauma and Stressor-related Disorders,Sex,All,436
2019-07,Trauma and Stressor-related Disorders,Sex,Female,460
2019-07,Trauma and Stressor-related Disorders,Sex,Male,412
2019-06,Trauma and Stressor-related Disorders,Sex,All,424
2019-06,Trauma and Stressor-related Disorders,Sex,Female,448
2019-06,Trauma and Stressor-related Disorders,Sex,Male,401
2019-05,Trauma and Stressor-related Disorders,Sex,All,423
2019-05,Trauma and Stressor-related Disorders,Sex,Female,446
2019-05,Trauma and Stressor-related Disorders,Sex,Male,399
2019-04,Trauma and Stressor-related Disorders,Sex,All,424
2019-04,Trauma and Stressor-related Disorders,Sex,Female,442
2019-04,Trauma and Stressor-related Disorders,Sex,Male,402
2019-03,Trauma and Stressor-related Disorders,Sex,All,396
2019-03,Trauma and Stressor-related Disorders,Sex,Female,409
2019-03,Trauma and Stressor-related Disorders,Sex,Male,382
2019-02,Trauma and Stressor-related Disorders,Sex,All,389
2019-02,Trauma and Stressor-related Disorders,Sex,Female,400
2019-02,Trauma and Stressor-related Disorders,Sex,Male,378
2019-01,Trauma and Stressor-related Disorders,Sex,All,366
2019-01,Trauma and Stressor-related Disorders,Sex,Female,378
2019-01,Trauma and Stressor-related Disorders,Sex,Male,353
