month_end,condition,demographics_type,demographics_values,rate_per_100000_visits
2025-12,Anxiety Disorders,Age,12-17 years,1817
2025-12,Anxiety Disorders,Age,18-34 years,2542
2025-12,Anxiety Disorders,Age,35-64 years,2874
2025-12,Anxiety Disorders,Age,65+ years,2657
2025-12,Anxiety Disorders,Age,All,2338
2025-12,Anxiety Disorders,RaceEthnicity,"AI/AN, NH",2572
2025-12,Anxiety Disorders,RaceEthnicity,All,2338
2025-12,Anxiety Disorders,RaceEthnicity,"Asian, NH",1370
2025-12,Anxiety Disorders,RaceEthnicity,"Black, NH",1445
2025-12,Anxiety Disorders,RaceEthnicity,Hispanic,1846
2025-12,Anxiety Disorders,RaceEthnicity,"Multiple/Other, NH",1623
2025-12,Anxiety Disorders,RaceEthnicity,"NHOPI, NH",1272
2025-12,Anxiety Disorders,RaceEthnicity,"White, NH",2938
2025-12,Anxiety Disorders,Sex,All,2338
2025-12,Anxiety Disorders,Sex,Female,2676
2025-12,Anxiety Disorders,Sex,Male,1919
2025-12,Anxiety Disorders,Total,All,2338
2025-10,Anxiety Disorders,Age,12-17 years,2190
2025-11,Anxiety Disorders,Age,12-17 years,2159
2025-10,Anxiety Disorders,Age,18-34 years,2905
2025-10,Anxiety Disorders,Age,35-64 years,3114
2025-10,Anxiety Disorders,Age,65+ years,2822
2025-10,Anxiety Disorders,Age,All,2614
2025-10,Anxiety Disorders,RaceEthnicity,"AI/AN, NH",2827
2025-10,Anxiety Disorders,RaceEthnicity,All,2614
2025-10,Anxiety Disorders,RaceEthnicity,"Asian, NH",1549
2025-10,Anxiety Disorders,RaceEthnicity,"Black, NH",1649
2025-10,Anxiety Disorders,RaceEthnicity,Hispanic,2096
2025-10,Anxiety Disorders,RaceEthnicity,"Multiple/Other, NH",1915
2025-10,Anxiety Disorders,RaceEthnicity,"NHOPI, NH",1471
2025-10,Anxiety Disorders,RaceEthnicity,"White, NH",3224
2025-10,Anxiety Disorders,Sex,All,2614
2025-10,Anxiety Disorders,Sex,Female,3032
2025-10,Anxiety Disorders,Sex,Male,2102
2025-10,Anxiety Disorders,Total,All,2614
2025-09,Anxiety Disorders,Age,12-17 years,2137
2025-09,Anxiety Disorders,Age,18-34 years,2879
2025-09,Anxiety Disorders,Age,35-64 years,3066
2025-09,Anxiety Disorders,Age,65+ years,2772
2025-09,Anxiety Disorders,Age,All,2583
2025-09,Anxiety Disorders,RaceEthnicity,"AI/AN, NH",2673
2025-09,Anxiety Disorders,RaceEthnicity,All,2583
2025-09,Anxiety Disorders,RaceEthnicity,"Asian, NH",1560
2025-09,Anxiety Disorders,RaceEthnicity,"Black, NH",1609
2025-09,Anxiety Disorders,RaceEthnicity,Hispanic,2095
2025-09,Anxiety Disorders,RaceEthnicity,"Multiple/Other, NH",1933
2025-09,Anxiety Disorders,RaceEthnicity,"NHOPI, NH",1406
2025-09,Anxiety Disorders,RaceEthnicity,"White, NH",3179
2025-09,Anxiety Disorders,Sex,All,2583
2025-09,Anxiety Disorders,Sex,Female,3001
2025-09,Anxiety Disorders,Sex,Male,2071
2025-09,Anxiety Disorders,Total,All,2583
2025-08,Anxiety Disorders,Age,12-17 years,2190
2025-08,Anxiety Disorders,Age,18-34 years,2883
2025-08,Anxiety Disorders,Age,35-64 years,3058
2025-08,Anxiety Disorders,Age,65+ years,2731
2025-08,Anxiety Disorders,Age,All,2604
2025-08,Anxiety Disorders,RaceEthnicity,"AI/AN, NH",2765
2025-08,Anxiety Disorders,RaceEthnicity,All,2604
2025-08,Anxiety Disorders,RaceEthnicity,"Asian, NH",1591
2025-08,Anxiety Disorders,RaceEthnicity,"Black, NH",1642
2025-08,Anxiety Disorders,RaceEthnicity,Hispanic,2137
2025-08,Anxiety Disorders,RaceEthnicity,"Multiple/Other, NH",1923
2025-08,Anxiety Disorders,RaceEthnicity,"NHOPI, NH",1468
2025-08,Anxiety Disorders,RaceEthnicity,"White, NH",3176
2025-08,Anxiety Disorders,Sex,All,2604
2025-08,Anxiety Disorders,Sex,Female,3032
2025-08,Anxiety Disorders,Sex,Male,2085
2025-08,Anxiety Disorders,Total,All,2604
2025-07,Anxiety Disorders,Age,12-17 years,2347
2025-07,Anxiety Disorders,Age,18-34 years,2910
2025-07,Anxiety Disorders,Age,35-64 years,3067
2025-07,Anxiety Disorders,Age,65+ years,2694
2025-07,Anxiety Disorders,Age,All,2635
2025-07,Anxiety Disorders,RaceEthnicity,"AI/AN, NH",2833
2025-07,Anxiety Disorders,RaceEthnicity,All,2635
2025-07,Anxiety Disorders,RaceEthnicity,"Asian, NH",1530
2025-07,Anxiety Disorders,RaceEthnicity,"Black, NH",1715
2025-07,Anxiety Disorders,RaceEthnicity,Hispanic,2188
2025-07,Anxiety Disorders,RaceEthnicity,"Multiple/Other, NH",1939
2025-07,Anxiety Disorders,RaceEthnicity,"NHOPI, NH",1464
2025-07,Anxiety Disorders,RaceEthnicity,"White, NH",3177
2025-07,Anxiety Disorders,Sex,Female,3064
2025-07,Anxiety Disorders,Sex,Male,2119
2025-07,Anxiety Disorders,Total,All,2635
2025-05,Anxiety Disorders,Age,12-17 years,2197
2025-05,Anxiety Disorders,Age,18-34 years,2893
2025-05,Anxiety Disorders,Age,35-64 years,3055
2025-05,Anxiety Disorders,Age,65+ years,2692
2025-05,Anxiety Disorders,Age,All,2552
2025-05,Anxiety Disorders,RaceEthnicity,"AI/AN, NH",2752
2025-05,Anxiety Disorders,RaceEthnicity,All,2552
2025-05,Anxiety Disorders,RaceEthnicity,"Asian, NH",1570
2025-05,Anxiety Disorders,RaceEthnicity,"Black, NH",1626
2025-05,Anxiety Disorders,RaceEthnicity,Hispanic,2023
2025-05,Anxiety Disorders,RaceEthnicity,"Multiple/Other, NH",1855
2025-05,Anxiety Disorders,RaceEthnicity,"NHOPI, NH",1332
2025-05,Anxiety Disorders,RaceEthnicity,"White, NH",3159
2025-05,Anxiety Disorders,Sex,All,2552
2025-05,Anxiety Disorders,Sex,Female,2962
2025-05,Anxiety Disorders,Sex,Male,2056
2025-05,Anxiety Disorders,Total,All,2552
2025-04,Anxiety Disorders,Age,12-17 years,2247
2025-04,Anxiety Disorders,Age,18-34 years,2904
2025-04,Anxiety Disorders,Age,35-64 years,3071
2025-04,Anxiety Disorders,Age,65+ years,2713
2025-04,Anxiety Disorders,Age,All,2564
2025-04,Anxiety Disorders,RaceEthnicity,"AI/AN, NH",2858
2025-04,Anxiety Disorders,RaceEthnicity,All,2564
2025-04,Anxiety Disorders,RaceEthnicity,"Asian, NH",1546
2025-04,Anxiety Disorders,RaceEthnicity,"Black, NH",1640
2025-04,Anxiety Disorders,RaceEthnicity,Hispanic,2013
2025-04,Anxiety Disorders,RaceEthnicity,"Multiple/Other, NH",1783
2025-04,Anxiety Disorders,RaceEthnicity,"NHOPI, NH",1233
2025-04,Anxiety Disorders,RaceEthnicity,"White, NH",3196
2025-04,Anxiety Disorders,Sex,All,2564
2025-04,Anxiety Disorders,Sex,Female,2972
2025-04,Anxiety Disorders,Sex,Male,2060
2025-04,Anxiety Disorders,Total,All,2564
2025-03,Anxiety Disorders,Age,12-17 years,2222
2025-03,Anxiety Disorders,Age,18-34 years,2877
2025-03,Anxiety Disorders,Age,35-64 years,3059
2025-03,Anxiety Disorders,Age,65+ years,2738
2025-03,Anxiety Disorders,RaceEthnicity,"AI/AN, NH",2737
2025-03,Anxiety Disorders,RaceEthnicity,All,2546
2025-03,Anxiety Disorders,RaceEthnicity,"Asian, NH",1504
2025-03,Anxiety Disorders,RaceEthnicity,"Black, NH",1619
2025-03,Anxiety Disorders,RaceEthnicity,Hispanic,1970
2025-03,Anxiety Disorders,RaceEthnicity,"Multiple/Other, NH",1778
2025-03,Anxiety Disorders,RaceEthnicity,"NHOPI, NH",1449
2025-03,Anxiety Disorders,RaceEthnicity,"White, NH",3180
2025-03,Anxiety Disorders,Sex,All,2546
2025-03,Anxiety Disorders,Sex,Female,2945
2025-03,Anxiety Disorders,Sex,Male,2056
2025-03,Anxiety Disorders,Total,All,2546
2025-02,Anxiety Disorders,Age,12-17 years,1979
2025-02,Anxiety Disorders,Age,18-34 years,2689
2025-02,Anxiety Disorders,Age,35-64 years,2879
2025-02,Anxiety Disorders,Age,65+ years,2632
2025-02,Anxiety Disorders,Age,All,2390
2025-02,Anxiety Disorders,RaceEthnicity,"AI/AN, NH",2577
2025-02,Anxiety Disorders,RaceEthnicity,All,2390
2025-02,Anxiety Disorders,RaceEthnicity,"Asian, NH",1389
2025-02,Anxiety Disorders,RaceEthnicity,"Black, NH",1503
2025-02,Anxiety Disorders,RaceEthnicity,Hispanic,1861
2025-02,Anxiety Disorders,RaceEthnicity,"Multiple/Other, NH",1709
2025-02,Anxiety Disorders,RaceEthnicity,"NHOPI, NH",1101
2025-02,Anxiety Disorders,RaceEthnicity,"White, NH",2987
2025-02,Anxiety Disorders,Sex,All,2390
2025-02,Anxiety Disorders,Sex,Female,2755
2025-02,Anxiety Disorders,Sex,Male,1945
2025-02,Anxiety Disorders,Total,All,2390
2025-01,Anxiety Disorders,Age,12-17 years,2001
2025-01,Anxiety Disorders,Age,18-34 years,2578
2025-01,Anxiety Disorders,Age,35-64 years,2809
2025-01,Anxiety Disorders,Age,65+ years,2612
2025-01,Anxiety Disorders,Age,All,2333
2025-01,Anxiety Disorders,RaceEthnicity,"AI/AN, NH",2576
2025-01,Anxiety Disorders,RaceEthnicity,All,2333
2025-01,Anxiety Disorders,RaceEthnicity,"Asian, NH",1356
2025-01,Anxiety Disorders,RaceEthnicity,"Black, NH",1437
2025-01,Anxiety Disorders,RaceEthnicity,Hispanic,1808
2025-01,Anxiety Disorders,RaceEthnicity,"Multiple/Other, NH",1586
2025-01,Anxiety Disorders,RaceEthnicity,"NHOPI, NH",1126
2025-01,Anxiety Disorders,RaceEthnicity,"White, NH",2961
2025-01,Anxiety Disorders,Sex,All,2333
2025-01,Anxiety Disorders,Sex,Female,2673
2025-01,Anxiety Disorders,Sex,Male,1916
2025-01,Anxiety Disorders,Total,All,2333
2024-12,Anxiety Disorders,Age,12-17 years,1867
2024-12,Anxiety Disorders,Age,18-34 years,2593
2024-12,Anxiety Disorders,Age,35-64 years,2797
2024-12,Anxiety Disorders,Age,65+ years,2539
2024-12,Anxiety Disorders,Age,All,2273
2024-12,Anxiety Disorders,RaceEthnicity,"AI/AN, NH",2567
2024-12,Anxiety Disorders,RaceEthnicity,All,2273
2024-12,Anxiety Disorders,RaceEthnicity,"Asian, NH",1361
2024-12,Anxiety Disorders,RaceEthnicity,"Black, NH",1441
2024-12,Anxiety Disorders,RaceEthnicity,Hispanic,1778
2024-12,Anxiety Disorders,RaceEthnicity,"Multiple/Other, NH",1508
2024-12,Anxiety Disorders,RaceEthnicity,"NHOPI, NH",1117
2024-12,Anxiety Disorders,RaceEthnicity,"White, NH",2867
2024-12,Anxiety Disorders,Sex,All,2273
2024-12,Anxiety Disorders,Sex,Female,2602
2024-12,Anxiety Disorders,Sex,Male,1868
2024-12,Anxiety Disorders,Total,All,2273
2024-11,Anxiety Disorders,Age,12-17 years,2066
2024-11,Anxiety Disorders,Age,18-34 years,2840
2024-11,Anxiety Disorders,Age,35-64 years,3001
2024-11,Anxiety Disorders,Age,65+ years,2651
2024-11,Anxiety Disorders,Age,All,2457
2024-11,Anxiety Disorders,RaceEthnicity,"AI/AN, NH",2794
2024-11,Anxiety Disorders,RaceEthnicity,All,2457
2024-11,Anxiety Disorders,RaceEthnicity,"Asian, NH",1529
2024-11,Anxiety Disorders,RaceEthnicity,"Black, NH",1578
2024-11,Anxiety Disorders,RaceEthnicity,Hispanic,1943
2024-11,Anxiety Disorders,RaceEthnicity,"Multiple/Other, NH",1697
2024-11,Anxiety Disorders,RaceEthnicity,"NHOPI, NH",1266
2024-11,Anxiety Disorders,RaceEthnicity,"White, NH",3060
2024-11,Anxiety Disorders,Sex,All,2457
2024-11,Anxiety Disorders,Sex,Female,2830
2024-11,Anxiety Disorders,Sex,Male,1998
2024-11,Anxiety Disorders,Total,All,2457
2024-10,Anxiety Disorders,Age,12-17 years,2056
2024-10,Anxiety Disorders,Age,18-34 years,2905
2024-10,Anxiety Disorders,Age,35-64 years,2979
2024-10,Anxiety Disorders,Age,65+ years,2615
2024-10,Anxiety Disorders,Age,All,2482
2024-10,Anxiety Disorders,RaceEthnicity,"AI/AN, NH",2892
2024-10,Anxiety Disorders,RaceEthnicity,All,2482
2024-10,Anxiety Disorders,RaceEthnicity,"Asian, NH",1509
2024-10,Anxiety Disorders,RaceEthnicity,"Black, NH",1577
2024-10,Anxiety Disorders,RaceEthnicity,Hispanic,2027
2024-10,Anxiety Disorders,RaceEthnicity,"Multiple/Other, NH",1690
2024-10,Anxiety Disorders,RaceEthnicity,"NHOPI, NH",1380
2024-10,Anxiety Disorders,RaceEthnicity,"White, NH",3066
2024-10,Anxiety Disorders,Sex,All,2482
2024-10,Anxiety Disorders,Sex,Female,2877
2024-10,Anxiety Disorders,Sex,Male,2003
2024-10,Anxiety Disorders,Total,All,2482
2024-09,Anxiety Disorders,Age,12-17 years,2107
2024-09,Anxiety Disorders,Age,18-34 years,2897
2024-09,Anxiety Disorders,Age,35-64 years,2950
2024-09,Anxiety Disorders,Age,65+ years,2622
2024-09,Anxiety Disorders,Age,All,2492
2024-09,Anxiety Disorders,RaceEthnicity,"AI/AN, NH",2898
2024-09,Anxiety Disorders,RaceEthnicity,All,2492
2024-09,Anxiety Disorders,RaceEthnicity,"Asian, NH",1459
2024-09,Anxiety Disorders,RaceEthnicity,"Black, NH",1584
2024-09,Anxiety Disorders,RaceEthnicity,Hispanic,2063
2024-09,Anxiety Disorders,RaceEthnicity,"Multiple/Other, NH",1703
2024-09,Anxiety Disorders,RaceEthnicity,"NHOPI, NH",1380
2024-09,Anxiety Disorders,RaceEthnicity,"White, NH",3070
2024-09,Anxiety Disorders,Sex,All,2492
2024-09,Anxiety Disorders,Sex,Female,2896
2024-09,Anxiety Disorders,Sex,Male,2003
2024-09,Anxiety Disorders,Total,All,2492
2024-08,Anxiety Disorders,Age,12-17 years,2202
2024-08,Anxiety Disorders,Age,18-34 years,2913
2024-08,Anxiety Disorders,Age,35-64 years,2944
2024-08,Anxiety Disorders,Age,65+ years,2565
2024-08,Anxiety Disorders,Age,All,2522
2024-08,Anxiety Disorders,RaceEthnicity,"AI/AN, NH",2925
2024-08,Anxiety Disorders,RaceEthnicity,All,2522
2024-08,Anxiety Disorders,RaceEthnicity,"Asian, NH",1561
2024-08,Anxiety Disorders,RaceEthnicity,"Black, NH",1603
2024-08,Anxiety Disorders,RaceEthnicity,Hispanic,2129
2025-11,Anxiety Disorders,Age,18-34 years,2861
2024-08,Anxiety Disorders,RaceEthnicity,"Multiple/Other, NH",1778
2024-08,Anxiety Disorders,RaceEthnicity,"NHOPI, NH",1656
2024-08,Anxiety Disorders,RaceEthnicity,"White, NH",3072
2024-08,Anxiety Disorders,Sex,All,2522
2024-08,Anxiety Disorders,Sex,Female,2928
2024-08,Anxiety Disorders,Sex,Male,2031
2024-08,Anxiety Disorders,Total,All,2522
2024-07,Anxiety Disorders,Age,12-17 years,2243
2024-07,Anxiety Disorders,Age,18-34 years,2900
2024-07,Anxiety Disorders,Age,35-64 years,2922
2024-07,Anxiety Disorders,Age,65+ years,2574
2024-07,Anxiety Disorders,Age,All,2534
2024-07,Anxiety Disorders,RaceEthnicity,"AI/AN, NH",2895
2024-07,Anxiety Disorders,RaceEthnicity,All,2534
2024-07,Anxiety Disorders,RaceEthnicity,"Asian, NH",1517
2024-07,Anxiety Disorders,RaceEthnicity,"Black, NH",1648
2024-07,Anxiety Disorders,RaceEthnicity,Hispanic,2144
2024-07,Anxiety Disorders,RaceEthnicity,"Multiple/Other, NH",1789
2024-07,Anxiety Disorders,RaceEthnicity,"NHOPI, NH",1444
2024-07,Anxiety Disorders,RaceEthnicity,"White, NH",3075
2024-07,Anxiety Disorders,Sex,Female,2929
2024-07,Anxiety Disorders,Sex,Male,2056
2024-07,Anxiety Disorders,Total,All,2534
2024-06,Anxiety Disorders,Age,12-17 years,2153
2024-06,Anxiety Disorders,Age,18-34 years,2849
2024-06,Anxiety Disorders,Age,35-64 years,2919
2024-06,Anxiety Disorders,Age,65+ years,2551
2024-06,Anxiety Disorders,Age,All,2484
2024-06,Anxiety Disorders,RaceEthnicity,"AI/AN, NH",2721
2024-06,Anxiety Disorders,RaceEthnicity,All,2484
2024-06,Anxiety Disorders,RaceEthnicity,"Asian, NH",1480
2024-06,Anxiety Disorders,RaceEthnicity,"Black, NH",1629
2024-06,Anxiety Disorders,RaceEthnicity,Hispanic,2077
2024-06,Anxiety Disorders,RaceEthnicity,"Multiple/Other, NH",1750
2024-06,Anxiety Disorders,RaceEthnicity,"NHOPI, NH",1406
2024-06,Anxiety Disorders,RaceEthnicity,"White, NH",3020
2024-06,Anxiety Disorders,Sex,All,2484
2024-06,Anxiety Disorders,Sex,Female,2886
2024-06,Anxiety Disorders,Sex,Male,2001
2024-06,Anxiety Disorders,Total,All,2484
2024-05,Anxiety Disorders,Age,12-17 years,2119
2024-05,Anxiety Disorders,Age,18-34 years,2822
2024-05,Anxiety Disorders,Age,35-64 years,2914
2025-11,Anxiety Disorders,Age,35-64 years,3108
2024-05,Anxiety Disorders,Age,65+ years,2544
2024-05,Anxiety Disorders,Age,All,2425
2024-05,Anxiety Disorders,RaceEthnicity,"AI/AN, NH",2815
2024-05,Anxiety Disorders,RaceEthnicity,All,2425
2024-05,Anxiety Disorders,RaceEthnicity,"Asian, NH",1456
2024-05,Anxiety Disorders,RaceEthnicity,"Black, NH",1563
2024-05,Anxiety Disorders,RaceEthnicity,Hispanic,1963
2024-05,Anxiety Disorders,RaceEthnicity,"Multiple/Other, NH",1714
2024-05,Anxiety Disorders,RaceEthnicity,"NHOPI, NH",1265
2024-05,Anxiety Disorders,RaceEthnicity,"White, NH",2994
2024-05,Anxiety Disorders,Sex,All,2425
2024-05,Anxiety Disorders,Sex,Female,2818
2024-05,Anxiety Disorders,Sex,Male,1951
2024-05,Anxiety Disorders,Total,All,2425
2024-04,Anxiety Disorders,Age,12-17 years,2147
2024-04,Anxiety Disorders,Age,18-34 years,2840
2024-04,Anxiety Disorders,Age,35-64 years,2946
2024-04,Anxiety Disorders,Age,65+ years,2597
2024-04,Anxiety Disorders,RaceEthnicity,"AI/AN, NH",2765
2024-04,Anxiety Disorders,RaceEthnicity,All,2448
2024-04,Anxiety Disorders,RaceEthnicity,"Asian, NH",1423
2024-04,Anxiety Disorders,RaceEthnicity,"Black, NH",1551
2024-04,Anxiety Disorders,RaceEthnicity,Hispanic,1964
2024-04,Anxiety Disorders,RaceEthnicity,"Multiple/Other, NH",1715
2024-04,Anxiety Disorders,RaceEthnicity,"NHOPI, NH",1343
2024-04,Anxiety Disorders,RaceEthnicity,"White, NH",3040
2024-04,Anxiety Disorders,Sex,All,2448
2024-04,Anxiety Disorders,Sex,Female,2837
2024-04,Anxiety Disorders,Sex,Male,1980
2024-04,Anxiety Disorders,Total,All,2448
2024-03,Anxiety Disorders,Age,12-17 years,2108
2024-03,Anxiety Disorders,Age,18-34 years,2866
2024-03,Anxiety Disorders,Age,35-64 years,2960
2024-03,Anxiety Disorders,Age,65+ years,2624
2024-03,Anxiety Disorders,Age,All,2447
2024-03,Anxiety Disorders,RaceEthnicity,"AI/AN, NH",2819
2024-03,Anxiety Disorders,RaceEthnicity,All,2447
2024-03,Anxiety Disorders,RaceEthnicity,"Asian, NH",1425
2024-03,Anxiety Disorders,RaceEthnicity,"Black, NH",1545
2024-03,Anxiety Disorders,RaceEthnicity,Hispanic,1935
2024-03,Anxiety Disorders,RaceEthnicity,"Multiple/Other, NH",1721
2024-03,Anxiety Disorders,RaceEthnicity,"NHOPI, NH",1318
2024-07,Anxiety Disorders,Sex,All,2534
2024-03,Anxiety Disorders,RaceEthnicity,"White, NH",3051
2024-03,Anxiety Disorders,Sex,All,2447
2024-03,Anxiety Disorders,Sex,Female,2825
2024-03,Anxiety Disorders,Sex,Male,1998
2024-03,Anxiety Disorders,Total,All,2447
2024-02,Anxiety Disorders,Age,12-17 years,2042
2024-02,Anxiety Disorders,Age,18-34 years,2858
2024-02,Anxiety Disorders,Age,35-64 years,2977
2024-02,Anxiety Disorders,Age,65+ years,2604
2024-02,Anxiety Disorders,Age,All,2437
2024-02,Anxiety Disorders,RaceEthnicity,"AI/AN, NH",2882
2024-02,Anxiety Disorders,RaceEthnicity,All,2437
2024-02,Anxiety Disorders,RaceEthnicity,"Asian, NH",1462
2024-02,Anxiety Disorders,RaceEthnicity,"Black, NH",1519
2024-02,Anxiety Disorders,RaceEthnicity,Hispanic,1947
2024-02,Anxiety Disorders,RaceEthnicity,"Multiple/Other, NH",1699
2024-02,Anxiety Disorders,RaceEthnicity,"NHOPI, NH",1296
2024-02,Anxiety Disorders,RaceEthnicity,"White, NH",3035
2024-02,Anxiety Disorders,Sex,All,2437
2024-02,Anxiety Disorders,Sex,Female,2809
2024-02,Anxiety Disorders,Sex,Male,1996
2024-02,Anxiety Disorders,Total,All,2437
2024-01,Anxiety Disorders,Age,12-17 years,2167
2024-01,Anxiety Disorders,Age,18-34 years,2758
2024-01,Anxiety Disorders,Age,35-64 years,2905
2024-01,Anxiety Disorders,Age,65+ years,2609
2024-01,Anxiety Disorders,Age,All,2433
2024-01,Anxiety Disorders,RaceEthnicity,"AI/AN, NH",2773
2024-01,Anxiety Disorders,RaceEthnicity,All,2433
2024-01,Anxiety Disorders,RaceEthnicity,"Asian, NH",1407
2024-01,Anxiety Disorders,RaceEthnicity,"Black, NH",1495
2024-01,Anxiety Disorders,RaceEthnicity,Hispanic,1942
2024-01,Anxiety Disorders,RaceEthnicity,"Multiple/Other, NH",1683
2024-01,Anxiety Disorders,RaceEthnicity,"NHOPI, NH",1446
2024-01,Anxiety Disorders,RaceEthnicity,"White, NH",3040
2024-01,Anxiety Disorders,Sex,All,2433
2024-01,Anxiety Disorders,Sex,Female,2796
2024-01,Anxiety Disorders,Sex,Male,1998
2024-01,Anxiety Disorders,Total,All,2433
2023-12,Anxiety Disorders,Age,12-17 years,1847
2023-12,Anxiety Disorders,Age,18-34 years,2640
2023-12,Anxiety Disorders,Age,35-64 years,2753
2023-12,Anxiety Disorders,Age,65+ years,2493
2024-04,Anxiety Disorders,Age,All,2448
2023-12,Anxiety Disorders,Age,All,2227
2023-12,Anxiety Disorders,RaceEthnicity,"AI/AN, NH",2587
2023-12,Anxiety Disorders,RaceEthnicity,All,2227
2023-12,Anxiety Disorders,RaceEthnicity,"Asian, NH",1278
2023-12,Anxiety Disorders,RaceEthnicity,"Black, NH",1366
2023-12,Anxiety Disorders,RaceEthnicity,Hispanic,1753
2023-12,Anxiety Disorders,RaceEthnicity,"Multiple/Other, NH",1545
2023-12,Anxiety Disorders,RaceEthnicity,"NHOPI, NH",1351
2023-12,Anxiety Disorders,RaceEthnicity,"White, NH",2815
2023-12,Anxiety Disorders,Sex,All,2227
2023-12,Anxiety Disorders,Sex,Female,2563
2023-12,Anxiety Disorders,Sex,Male,1828
2023-12,Anxiety Disorders,Total,All,2227
2023-11,Anxiety Disorders,Age,12-17 years,2118
2023-11,Anxiety Disorders,Age,18-34 years,2810
2023-11,Anxiety Disorders,Age,35-64 years,2904
2023-11,Anxiety Disorders,Age,65+ years,2558
2023-11,Anxiety Disorders,Age,All,2358
2023-11,Anxiety Disorders,RaceEthnicity,"AI/AN, NH",2631
2023-11,Anxiety Disorders,RaceEthnicity,All,2358
2023-11,Anxiety Disorders,RaceEthnicity,"Asian, NH",1432
2023-11,Anxiety Disorders,RaceEthnicity,"Black, NH",1455
2023-11,Anxiety Disorders,RaceEthnicity,Hispanic,1860
2023-11,Anxiety Disorders,RaceEthnicity,"Multiple/Other, NH",1704
2023-11,Anxiety Disorders,RaceEthnicity,"NHOPI, NH",1276
2023-11,Anxiety Disorders,RaceEthnicity,"White, NH",2975
2023-11,Anxiety Disorders,Sex,All,2358
2023-11,Anxiety Disorders,Sex,Female,2736
2023-11,Anxiety Disorders,Sex,Male,1907
2023-11,Anxiety Disorders,Total,All,2358
2023-10,Anxiety Disorders,Age,12-17 years,2188
2023-10,Anxiety Disorders,Age,18-34 years,2951
2023-10,Anxiety Disorders,Age,35-64 years,2999
2023-10,Anxiety Disorders,Age,65+ years,2590
2023-10,Anxiety Disorders,Age,All,2474
2023-10,Anxiety Disorders,RaceEthnicity,"AI/AN, NH",2826
2023-10,Anxiety Disorders,RaceEthnicity,All,2474
2023-10,Anxiety Disorders,RaceEthnicity,"Asian, NH",1521
2023-10,Anxiety Disorders,RaceEthnicity,"Black, NH",1544
2023-10,Anxiety Disorders,RaceEthnicity,Hispanic,1968
2023-10,Anxiety Disorders,RaceEthnicity,"Multiple/Other, NH",1753
2023-10,Anxiety Disorders,RaceEthnicity,"NHOPI, NH",1540
2023-10,Anxiety Disorders,RaceEthnicity,"White, NH",3098
2023-10,Anxiety Disorders,Sex,All,2474
2023-10,Anxiety Disorders,Sex,Female,2899
2023-10,Anxiety Disorders,Sex,Male,1974
2023-10,Anxiety Disorders,Total,All,2474
2023-09,Anxiety Disorders,Age,12-17 years,2097
2023-09,Anxiety Disorders,Age,18-34 years,2936
2023-09,Anxiety Disorders,Age,35-64 years,2971
2023-09,Anxiety Disorders,Age,65+ years,2552
2023-09,Anxiety Disorders,Age,All,2475
2023-09,Anxiety Disorders,RaceEthnicity,"AI/AN, NH",2779
2023-09,Anxiety Disorders,RaceEthnicity,All,2475
2023-09,Anxiety Disorders,RaceEthnicity,"Asian, NH",1580
2023-09,Anxiety Disorders,RaceEthnicity,"Black, NH",1573
2023-09,Anxiety Disorders,RaceEthnicity,Hispanic,1997
2023-09,Anxiety Disorders,RaceEthnicity,"Multiple/Other, NH",1776
2023-09,Anxiety Disorders,RaceEthnicity,"NHOPI, NH",1504
2023-09,Anxiety Disorders,RaceEthnicity,"White, NH",3083
2023-09,Anxiety Disorders,Sex,All,2475
2023-09,Anxiety Disorders,Sex,Female,2908
2023-09,Anxiety Disorders,Sex,Male,1970
2023-09,Anxiety Disorders,Total,All,2475
2023-08,Anxiety Disorders,Age,12-17 years,2237
2023-08,Anxiety Disorders,Age,18-34 years,2968
2023-08,Anxiety Disorders,Age,35-64 years,2948
2023-08,Anxiety Disorders,Age,65+ years,2557
2023-08,Anxiety Disorders,Age,All,2529
2023-08,Anxiety Disorders,RaceEthnicity,"AI/AN, NH",2755
2023-08,Anxiety Disorders,RaceEthnicity,All,2529
2023-08,Anxiety Disorders,RaceEthnicity,"Asian, NH",1524
2023-08,Anxiety Disorders,RaceEthnicity,"Black, NH",1594
2023-08,Anxiety Disorders,RaceEthnicity,Hispanic,2115
2023-08,Anxiety Disorders,RaceEthnicity,"Multiple/Other, NH",1851
2023-08,Anxiety Disorders,RaceEthnicity,"NHOPI, NH",1642
2023-08,Anxiety Disorders,RaceEthnicity,"White, NH",3114
2023-08,Anxiety Disorders,Sex,All,2529
2023-08,Anxiety Disorders,Sex,Female,2976
2023-08,Anxiety Disorders,Sex,Male,2006
2023-08,Anxiety Disorders,Total,All,2529
2023-07,Anxiety Disorders,Age,12-17 years,2314
2023-07,Anxiety Disorders,Age,18-34 years,2981
2023-07,Anxiety Disorders,Age,35-64 years,2985
2023-07,Anxiety Disorders,Age,65+ years,2553
2023-07,Anxiety Disorders,Age,All,2563
2023-07,Anxiety Disorders,RaceEthnicity,"AI/AN, NH",2943
2023-07,Anxiety Disorders,RaceEthnicity,All,2563
2023-07,Anxiety Disorders,RaceEthnicity,"Asian, NH",1501
2023-07,Anxiety Disorders,RaceEthnicity,"Black, NH",1666
2023-07,Anxiety Disorders,RaceEthnicity,Hispanic,2169
2023-07,Anxiety Disorders,RaceEthnicity,"Multiple/Other, NH",1878
2023-07,Anxiety Disorders,RaceEthnicity,"NHOPI, NH",1541
2023-07,Anxiety Disorders,RaceEthnicity,"White, NH",3127
2023-07,Anxiety Disorders,Sex,All,2563
2023-07,Anxiety Disorders,Sex,Female,3004
2023-07,Anxiety Disorders,Sex,Male,2051
2023-07,Anxiety Disorders,Total,All,2563
2023-06,Anxiety Disorders,Age,12-17 years,2266
2023-06,Anxiety Disorders,Age,18-34 years,2959
2023-06,Anxiety Disorders,Age,35-64 years,2978
2023-06,Anxiety Disorders,Age,65+ years,2579
2023-06,Anxiety Disorders,Age,All,2529
2023-06,Anxiety Disorders,RaceEthnicity,"AI/AN, NH",2785
2023-06,Anxiety Disorders,RaceEthnicity,All,2529
2023-06,Anxiety Disorders,RaceEthnicity,"Asian, NH",1452
2023-06,Anxiety Disorders,RaceEthnicity,"Black, NH",1645
2023-06,Anxiety Disorders,RaceEthnicity,Hispanic,2093
2023-06,Anxiety Disorders,RaceEthnicity,"Multiple/Other, NH",1867
2023-06,Anxiety Disorders,RaceEthnicity,"NHOPI, NH",1572
2023-06,Anxiety Disorders,RaceEthnicity,"White, NH",3113
2023-06,Anxiety Disorders,Sex,All,2529
2023-06,Anxiety Disorders,Sex,Female,2962
2023-06,Anxiety Disorders,Sex,Male,2020
2023-06,Anxiety Disorders,Total,All,2529
2023-05,Anxiety Disorders,Age,12-17 years,2309
2023-05,Anxiety Disorders,Age,18-34 years,2956
2023-05,Anxiety Disorders,Age,35-64 years,2993
2023-05,Anxiety Disorders,Age,65+ years,2607
2023-05,Anxiety Disorders,Age,All,2482
2023-05,Anxiety Disorders,RaceEthnicity,"AI/AN, NH",2796
2023-05,Anxiety Disorders,RaceEthnicity,All,2482
2023-05,Anxiety Disorders,RaceEthnicity,"Asian, NH",1465
2023-05,Anxiety Disorders,RaceEthnicity,"Black, NH",1592
2023-05,Anxiety Disorders,RaceEthnicity,Hispanic,1988
2023-05,Anxiety Disorders,RaceEthnicity,"Multiple/Other, NH",1818
2023-05,Anxiety Disorders,RaceEthnicity,"NHOPI, NH",1416
2023-05,Anxiety Disorders,RaceEthnicity,"White, NH",3097
2023-05,Anxiety Disorders,Sex,All,2482
2023-05,Anxiety Disorders,Sex,Female,2919
2023-05,Anxiety Disorders,Sex,Male,1967
2023-05,Anxiety Disorders,Total,All,2482
2023-04,Anxiety Disorders,Age,12-17 years,2455
2023-04,Anxiety Disorders,Age,18-34 years,3029
2023-04,Anxiety Disorders,Age,35-64 years,3081
2023-04,Anxiety Disorders,Age,65+ years,2655
2023-04,Anxiety Disorders,Age,All,2548
2023-04,Anxiety Disorders,RaceEthnicity,"AI/AN, NH",2795
2023-04,Anxiety Disorders,RaceEthnicity,All,2548
2023-04,Anxiety Disorders,RaceEthnicity,"Asian, NH",1527
2023-04,Anxiety Disorders,RaceEthnicity,"Black, NH",1638
2023-04,Anxiety Disorders,RaceEthnicity,Hispanic,2056
2023-04,Anxiety Disorders,RaceEthnicity,"Multiple/Other, NH",1833
2023-04,Anxiety Disorders,RaceEthnicity,"NHOPI, NH",1400
2023-04,Anxiety Disorders,RaceEthnicity,"White, NH",3170
2023-04,Anxiety Disorders,Sex,All,2548
2023-04,Anxiety Disorders,Sex,Female,2985
2023-04,Anxiety Disorders,Sex,Male,2030
2023-04,Anxiety Disorders,Total,All,2548
2023-03,Anxiety Disorders,Age,12-17 years,2541
2023-03,Anxiety Disorders,Age,18-34 years,3061
2023-03,Anxiety Disorders,Age,35-64 years,3113
2023-03,Anxiety Disorders,Age,65+ years,2700
2023-03,Anxiety Disorders,Age,All,2573
2023-03,Anxiety Disorders,RaceEthnicity,"AI/AN, NH",2899
2023-03,Anxiety Disorders,RaceEthnicity,All,2573
2023-03,Anxiety Disorders,RaceEthnicity,"Asian, NH",1493
2023-03,Anxiety Disorders,RaceEthnicity,"Black, NH",1642
2023-03,Anxiety Disorders,RaceEthnicity,Hispanic,2097
2023-03,Anxiety Disorders,RaceEthnicity,"Multiple/Other, NH",1849
2023-03,Anxiety Disorders,RaceEthnicity,"NHOPI, NH",1446
2023-03,Anxiety Disorders,RaceEthnicity,"White, NH",3207
2023-03,Anxiety Disorders,Sex,All,2573
2023-03,Anxiety Disorders,Sex,Female,2986
2023-03,Anxiety Disorders,Sex,Male,2080
2023-03,Anxiety Disorders,Total,All,2573
2023-02,Anxiety Disorders,Age,12-17 years,2555
2023-02,Anxiety Disorders,Age,18-34 years,3097
2023-02,Anxiety Disorders,Age,35-64 years,3139
2023-02,Anxiety Disorders,Age,65+ years,2697
2023-02,Anxiety Disorders,Age,All,2596
2023-02,Anxiety Disorders,RaceEthnicity,"AI/AN, NH",2795
2023-02,Anxiety Disorders,RaceEthnicity,All,2596
2023-02,Anxiety Disorders,RaceEthnicity,"Asian, NH",1559
2023-02,Anxiety Disorders,RaceEthnicity,"Black, NH",1645
2023-02,Anxiety Disorders,RaceEthnicity,Hispanic,2130
2023-02,Anxiety Disorders,RaceEthnicity,"Multiple/Other, NH",1896
2023-02,Anxiety Disorders,RaceEthnicity,"NHOPI, NH",1441
2023-02,Anxiety Disorders,RaceEthnicity,"White, NH",3226
2023-02,Anxiety Disorders,Sex,All,2596
2023-02,Anxiety Disorders,Sex,Female,3021
2023-02,Anxiety Disorders,Sex,Male,2087
2023-02,Anxiety Disorders,Total,All,2596
2023-01,Anxiety Disorders,Age,12-17 years,2691
2023-01,Anxiety Disorders,Age,18-34 years,3160
2023-01,Anxiety Disorders,Age,35-64 years,3139
2023-01,Anxiety Disorders,Age,65+ years,2708
2023-01,Anxiety Disorders,Age,All,2662
2023-01,Anxiety Disorders,RaceEthnicity,"AI/AN, NH",3012
2023-01,Anxiety Disorders,RaceEthnicity,All,2662
2023-01,Anxiety Disorders,RaceEthnicity,"Asian, NH",1638
2023-01,Anxiety Disorders,RaceEthnicity,"Black, NH",1700
2023-01,Anxiety Disorders,RaceEthnicity,Hispanic,2221
2023-01,Anxiety Disorders,RaceEthnicity,"Multiple/Other, NH",1965
2023-01,Anxiety Disorders,RaceEthnicity,"NHOPI, NH",1508
2023-01,Anxiety Disorders,RaceEthnicity,"White, NH",3288
2023-01,Anxiety Disorders,Sex,All,2662
2023-01,Anxiety Disorders,Sex,Female,3075
2023-01,Anxiety Disorders,Sex,Male,2165
2023-01,Anxiety Disorders,Total,All,2662
2022-12,Anxiety Disorders,Age,12-17 years,2024
2022-12,Anxiety Disorders,Age,18-34 years,2724
2022-12,Anxiety Disorders,Age,35-64 years,2836
2022-12,Anxiety Disorders,Age,65+ years,2553
2022-12,Anxiety Disorders,Age,All,2303
2022-12,Anxiety Disorders,RaceEthnicity,"AI/AN, NH",2556
2022-12,Anxiety Disorders,RaceEthnicity,All,2303
2022-12,Anxiety Disorders,RaceEthnicity,"Asian, NH",1334
2022-12,Anxiety Disorders,RaceEthnicity,"Black, NH",1487
2022-12,Anxiety Disorders,RaceEthnicity,Hispanic,1850
2022-12,Anxiety Disorders,RaceEthnicity,"Multiple/Other, NH",1628
2022-12,Anxiety Disorders,RaceEthnicity,"NHOPI, NH",1300
2022-12,Anxiety Disorders,RaceEthnicity,"White, NH",2871
2022-12,Anxiety Disorders,Sex,All,2303
2022-12,Anxiety Disorders,Sex,Female,2678
2022-12,Anxiety Disorders,Sex,Male,1862
2022-12,Anxiety Disorders,Total,All,2303
2022-11,Anxiety Disorders,Age,12-17 years,1879
2022-11,Anxiety Disorders,Age,18-34 years,2681
2022-11,Anxiety Disorders,Age,35-64 years,2840
2022-11,Anxiety Disorders,Age,65+ years,2534
2022-11,Anxiety Disorders,Age,All,2198
2022-11,Anxiety Disorders,RaceEthnicity,"AI/AN, NH",2595
2022-11,Anxiety Disorders,RaceEthnicity,All,2198
2022-11,Anxiety Disorders,RaceEthnicity,"Asian, NH",1319
2022-11,Anxiety Disorders,RaceEthnicity,"Black, NH",1367
2022-11,Anxiety Disorders,RaceEthnicity,Hispanic,1701
2022-11,Anxiety Disorders,RaceEthnicity,"Multiple/Other, NH",1492
2022-11,Anxiety Disorders,RaceEthnicity,"NHOPI, NH",1132
2022-11,Anxiety Disorders,RaceEthnicity,"White, NH",2821
2022-11,Anxiety Disorders,Sex,All,2198
2022-11,Anxiety Disorders,Sex,Female,2570
2022-11,Anxiety Disorders,Sex,Male,1757
2022-11,Anxiety Disorders,Total,All,2198
2022-10,Anxiety Disorders,Age,12-17 years,2081
2022-10,Anxiety Disorders,Age,18-34 years,2898
2022-10,Anxiety Disorders,Age,35-64 years,2934
2022-10,Anxiety Disorders,Age,65+ years,2579
2022-10,Anxiety Disorders,Age,All,2342
2022-10,Anxiety Disorders,RaceEthnicity,"AI/AN, NH",2748
2022-10,Anxiety Disorders,RaceEthnicity,All,2342
2022-10,Anxiety Disorders,RaceEthnicity,"Asian, NH",1431
2022-10,Anxiety Disorders,RaceEthnicity,"Black, NH",1472
2022-10,Anxiety Disorders,RaceEthnicity,Hispanic,1925
2022-10,Anxiety Disorders,RaceEthnicity,"Multiple/Other, NH",1694
2022-10,Anxiety Disorders,RaceEthnicity,"NHOPI, NH",1466
2022-10,Anxiety Disorders,RaceEthnicity,"White, NH",2943
2022-10,Anxiety Disorders,Sex,All,2342
2022-10,Anxiety Disorders,Sex,Female,2769
2022-10,Anxiety Disorders,Sex,Male,1843
2022-10,Anxiety Disorders,Total,All,2342
2022-09,Anxiety Disorders,Age,12-17 years,2240
2022-09,Anxiety Disorders,Age,18-34 years,2967
2022-09,Anxiety Disorders,Age,35-64 years,2967
2022-09,Anxiety Disorders,Age,65+ years,2449
2022-09,Anxiety Disorders,Age,All,2409
2022-09,Anxiety Disorders,RaceEthnicity,"AI/AN, NH",2826
2022-09,Anxiety Disorders,RaceEthnicity,All,2409
2022-09,Anxiety Disorders,RaceEthnicity,"Asian, NH",1479
2022-09,Anxiety Disorders,RaceEthnicity,"Black, NH",1528
2022-09,Anxiety Disorders,RaceEthnicity,Hispanic,2046
2022-09,Anxiety Disorders,RaceEthnicity,"Multiple/Other, NH",1780
2022-09,Anxiety Disorders,RaceEthnicity,"NHOPI, NH",1540
2022-09,Anxiety Disorders,RaceEthnicity,"White, NH",3009
2022-09,Anxiety Disorders,Sex,All,2409
2022-09,Anxiety Disorders,Sex,Female,2858
2022-09,Anxiety Disorders,Sex,Male,1891
2022-09,Anxiety Disorders,Total,All,2409
2022-08,Anxiety Disorders,Age,12-17 years,2308
2022-08,Anxiety Disorders,Age,18-34 years,3003
2022-08,Anxiety Disorders,Age,35-64 years,2988
2022-08,Anxiety Disorders,Age,65+ years,2399
2022-08,Anxiety Disorders,Age,All,2484
2022-08,Anxiety Disorders,RaceEthnicity,"AI/AN, NH",2804
2022-08,Anxiety Disorders,RaceEthnicity,All,2484
2022-08,Anxiety Disorders,RaceEthnicity,"Asian, NH",1520
2022-08,Anxiety Disorders,RaceEthnicity,"Black, NH",1556
2022-08,Anxiety Disorders,RaceEthnicity,Hispanic,2168
2022-08,Anxiety Disorders,RaceEthnicity,"Multiple/Other, NH",1846
2022-08,Anxiety Disorders,RaceEthnicity,"NHOPI, NH",1510
2022-08,Anxiety Disorders,RaceEthnicity,"White, NH",3079
2022-08,Anxiety Disorders,Sex,All,2484
2022-08,Anxiety Disorders,Sex,Female,2938
2022-08,Anxiety Disorders,Sex,Male,1957
2022-08,Anxiety Disorders,Total,All,2484
2022-07,Anxiety Disorders,Age,12-17 years,2402
2022-07,Anxiety Disorders,Age,18-34 years,2987
2022-07,Anxiety Disorders,Age,35-64 years,2972
2022-07,Anxiety Disorders,Age,65+ years,2353
2022-07,Anxiety Disorders,Age,All,2490
2022-07,Anxiety Disorders,RaceEthnicity,"AI/AN, NH",2971
2022-07,Anxiety Disorders,RaceEthnicity,All,2490
2022-07,Anxiety Disorders,RaceEthnicity,"Asian, NH",1471
2022-07,Anxiety Disorders,RaceEthnicity,"Black, NH",1580
2022-07,Anxiety Disorders,RaceEthnicity,Hispanic,2210
2022-07,Anxiety Disorders,RaceEthnicity,"Multiple/Other, NH",1798
2022-07,Anxiety Disorders,RaceEthnicity,"NHOPI, NH",1380
2022-07,Anxiety Disorders,RaceEthnicity,"White, NH",3065
2022-07,Anxiety Disorders,Sex,All,2490
2022-07,Anxiety Disorders,Sex,Female,2933
2022-07,Anxiety Disorders,Sex,Male,1975
2022-07,Anxiety Disorders,Total,All,2490
2022-06,Anxiety Disorders,Age,12-17 years,2323
2022-06,Anxiety Disorders,Age,18-34 years,2992
2022-06,Anxiety Disorders,Age,35-64 years,3010
2022-06,Anxiety Disorders,Age,65+ years,2371
2022-06,Anxiety Disorders,Age,All,2476
2022-06,Anxiety Disorders,RaceEthnicity,"AI/AN, NH",2998
2022-06,Anxiety Disorders,RaceEthnicity,All,2476
2022-06,Anxiety Disorders,RaceEthnicity,"Asian, NH",1414
2022-06,Anxiety Disorders,RaceEthnicity,"Black, NH",1596
2022-06,Anxiety Disorders,RaceEthnicity,Hispanic,2144
2022-06,Anxiety Disorders,RaceEthnicity,"Multiple/Other, NH",1856
2022-06,Anxiety Disorders,RaceEthnicity,"NHOPI, NH",1455
2022-06,Anxiety Disorders,RaceEthnicity,"White, NH",3063
2022-06,Anxiety Disorders,Sex,All,2476
2022-06,Anxiety Disorders,Sex,Female,2929
2022-06,Anxiety Disorders,Sex,Male,1947
2022-06,Anxiety Disorders,Total,All,2476
2022-05,Anxiety Disorders,Age,12-17 years,2402
2022-05,Anxiety Disorders,Age,18-34 years,3057
2022-05,Anxiety Disorders,Age,35-64 years,3059
2022-05,Anxiety Disorders,Age,65+ years,2385
2022-05,Anxiety Disorders,RaceEthnicity,"AI/AN, NH",2904
2022-05,Anxiety Disorders,RaceEthnicity,All,2470
2022-05,Anxiety Disorders,RaceEthnicity,"Asian, NH",1395
2022-05,Anxiety Disorders,RaceEthnicity,"Black, NH",1596
2022-05,Anxiety Disorders,RaceEthnicity,Hispanic,2097
2022-05,Anxiety Disorders,RaceEthnicity,"Multiple/Other, NH",1800
2022-05,Anxiety Disorders,RaceEthnicity,"NHOPI, NH",1632
2022-05,Anxiety Disorders,RaceEthnicity,"White, NH",3084
2022-05,Anxiety Disorders,Sex,All,2470
2022-05,Anxiety Disorders,Sex,Female,2927
2022-05,Anxiety Disorders,Sex,Male,1943
2022-05,Anxiety Disorders,Total,All,2470
2022-04,Anxiety Disorders,Age,12-17 years,2542
2022-04,Anxiety Disorders,Age,18-34 years,3220
2022-04,Anxiety Disorders,Age,35-64 years,3238
2022-04,Anxiety Disorders,Age,65+ years,2506
2022-04,Anxiety Disorders,Age,All,2629
2022-04,Anxiety Disorders,RaceEthnicity,"AI/AN, NH",3140
2022-04,Anxiety Disorders,RaceEthnicity,All,2629
2022-04,Anxiety Disorders,RaceEthnicity,"Asian, NH",1528
2022-04,Anxiety Disorders,RaceEthnicity,"Black, NH",1707
2022-04,Anxiety Disorders,RaceEthnicity,Hispanic,2205
2022-04,Anxiety Disorders,RaceEthnicity,"Multiple/Other, NH",1892
2022-04,Anxiety Disorders,RaceEthnicity,"NHOPI, NH",1581
2022-04,Anxiety Disorders,RaceEthnicity,"White, NH",3279
2022-04,Anxiety Disorders,Sex,All,2629
2022-04,Anxiety Disorders,Sex,Female,3124
2022-04,Anxiety Disorders,Sex,Male,2072
2022-04,Anxiety Disorders,Total,All,2629
2022-03,Anxiety Disorders,Age,12-17 years,2873
2022-03,Anxiety Disorders,Age,18-34 years,3369
2022-03,Anxiety Disorders,Age,35-64 years,3345
2022-03,Anxiety Disorders,Age,65+ years,2552
2022-03,Anxiety Disorders,Age,All,2746
2022-03,Anxiety Disorders,RaceEthnicity,"AI/AN, NH",3340
2022-03,Anxiety Disorders,RaceEthnicity,All,2746
2022-03,Anxiety Disorders,RaceEthnicity,"Asian, NH",1665
2022-03,Anxiety Disorders,RaceEthnicity,"Black, NH",1762
2022-03,Anxiety Disorders,RaceEthnicity,Hispanic,2351
2022-03,Anxiety Disorders,RaceEthnicity,"Multiple/Other, NH",1979
2022-03,Anxiety Disorders,RaceEthnicity,"NHOPI, NH",1891
2022-03,Anxiety Disorders,RaceEthnicity,"White, NH",3410
2022-03,Anxiety Disorders,Sex,Female,3240
2022-03,Anxiety Disorders,Sex,Male,2193
2022-03,Anxiety Disorders,Total,All,2746
2022-02,Anxiety Disorders,Age,12-17 years,3023
2022-02,Anxiety Disorders,Age,18-34 years,3462
2022-02,Anxiety Disorders,Age,35-64 years,3404
2022-02,Anxiety Disorders,Age,65+ years,2592
2022-02,Anxiety Disorders,Age,All,2844
2022-02,Anxiety Disorders,RaceEthnicity,"AI/AN, NH",3471
2022-02,Anxiety Disorders,RaceEthnicity,All,2844
2022-02,Anxiety Disorders,RaceEthnicity,"Asian, NH",1607
2022-02,Anxiety Disorders,RaceEthnicity,"Black, NH",1833
2022-02,Anxiety Disorders,RaceEthnicity,Hispanic,2444
2022-02,Anxiety Disorders,RaceEthnicity,"Multiple/Other, NH",2078
2022-02,Anxiety Disorders,RaceEthnicity,"NHOPI, NH",1784
2022-02,Anxiety Disorders,RaceEthnicity,"White, NH",3495
2022-02,Anxiety Disorders,Sex,All,2844
2022-02,Anxiety Disorders,Sex,Female,3366
2022-02,Anxiety Disorders,Sex,Male,2268
2022-02,Anxiety Disorders,Total,All,2844
2022-01,Anxiety Disorders,Age,12-17 years,2385
2022-01,Anxiety Disorders,Age,18-34 years,2820
2022-01,Anxiety Disorders,Age,35-64 years,2982
2022-01,Anxiety Disorders,Age,65+ years,2426
2022-01,Anxiety Disorders,Age,All,2476
2022-01,Anxiety Disorders,RaceEthnicity,"AI/AN, NH",3011
2022-01,Anxiety Disorders,RaceEthnicity,All,2476
2022-01,Anxiety Disorders,RaceEthnicity,"Asian, NH",1373
2022-01,Anxiety Disorders,RaceEthnicity,"Black, NH",1523
2022-01,Anxiety Disorders,RaceEthnicity,Hispanic,2158
2022-01,Anxiety Disorders,RaceEthnicity,"Multiple/Other, NH",1699
2022-01,Anxiety Disorders,RaceEthnicity,"NHOPI, NH",1488
2022-01,Anxiety Disorders,RaceEthnicity,"White, NH",3102
2022-01,Anxiety Disorders,Sex,All,2476
2022-01,Anxiety Disorders,Sex,Female,2891
2022-01,Anxiety Disorders,Sex,Male,2017
2022-01,Anxiety Disorders,Total,All,2476
2021-12,Anxiety Disorders,Age,12-17 years,2272
2021-12,Anxiety Disorders,Age,18-34 years,2718
2021-12,Anxiety Disorders,Age,35-64 years,2949
2021-12,Anxiety Disorders,Age,65+ years,2420
2021-12,Anxiety Disorders,Age,All,2378
2021-12,Anxiety Disorders,RaceEthnicity,"AI/AN, NH",3121
2021-12,Anxiety Disorders,RaceEthnicity,All,2378
2021-12,Anxiety Disorders,RaceEthnicity,"Asian, NH",1325
2021-12,Anxiety Disorders,RaceEthnicity,"Black, NH",1450
2021-12,Anxiety Disorders,RaceEthnicity,Hispanic,2102
2021-12,Anxiety Disorders,RaceEthnicity,"Multiple/Other, NH",1589
2021-12,Anxiety Disorders,RaceEthnicity,"NHOPI, NH",1468
2021-12,Anxiety Disorders,RaceEthnicity,"White, NH",3022
2021-12,Anxiety Disorders,Sex,All,2378
2021-12,Anxiety Disorders,Sex,Female,2785
2021-12,Anxiety Disorders,Sex,Male,1926
2021-12,Anxiety Disorders,Total,All,2378
2021-11,Anxiety Disorders,Age,12-17 years,2577
2021-11,Anxiety Disorders,Age,18-34 years,3145
2021-11,Anxiety Disorders,Age,35-64 years,3227
2021-11,Anxiety Disorders,Age,65+ years,2516
2021-11,Anxiety Disorders,Age,All,2603
2021-11,Anxiety Disorders,RaceEthnicity,"AI/AN, NH",3269
2021-11,Anxiety Disorders,RaceEthnicity,All,2603
2021-11,Anxiety Disorders,RaceEthnicity,"Asian, NH",1527
2021-11,Anxiety Disorders,RaceEthnicity,"Black, NH",1653
2021-11,Anxiety Disorders,RaceEthnicity,Hispanic,2334
2021-11,Anxiety Disorders,RaceEthnicity,"Multiple/Other, NH",1830
2021-11,Anxiety Disorders,RaceEthnicity,"NHOPI, NH",1914
2021-11,Anxiety Disorders,RaceEthnicity,"White, NH",3210
2021-11,Anxiety Disorders,Sex,All,2603
2021-11,Anxiety Disorders,Sex,Female,3088
2021-11,Anxiety Disorders,Sex,Male,2068
2021-11,Anxiety Disorders,Total,All,2603
2021-10,Anxiety Disorders,Age,12-17 years,2542
2021-10,Anxiety Disorders,Age,18-34 years,3306
2021-10,Anxiety Disorders,Age,35-64 years,3350
2021-10,Anxiety Disorders,Age,65+ years,2587
2021-10,Anxiety Disorders,Age,All,2714
2021-10,Anxiety Disorders,RaceEthnicity,"AI/AN, NH",3583
2021-10,Anxiety Disorders,RaceEthnicity,All,2714
2021-10,Anxiety Disorders,RaceEthnicity,"Asian, NH",1639
2021-10,Anxiety Disorders,RaceEthnicity,"Black, NH",1720
2021-10,Anxiety Disorders,RaceEthnicity,Hispanic,2434
2021-10,Anxiety Disorders,RaceEthnicity,"Multiple/Other, NH",1912
2021-10,Anxiety Disorders,RaceEthnicity,"NHOPI, NH",1933
2021-10,Anxiety Disorders,RaceEthnicity,"White, NH",3349
2021-10,Anxiety Disorders,Sex,All,2714
2021-10,Anxiety Disorders,Sex,Female,3254
2021-10,Anxiety Disorders,Sex,Male,2123
2021-10,Anxiety Disorders,Total,All,2714
2021-09,Anxiety Disorders,Age,12-17 years,2351
2021-09,Anxiety Disorders,Age,18-34 years,3225
2021-09,Anxiety Disorders,Age,35-64 years,3307
2021-09,Anxiety Disorders,Age,65+ years,2590
2021-09,Anxiety Disorders,Age,All,2671
2021-09,Anxiety Disorders,RaceEthnicity,"AI/AN, NH",3263
2021-09,Anxiety Disorders,RaceEthnicity,All,2671
2021-09,Anxiety Disorders,RaceEthnicity,"Asian, NH",1570
2021-09,Anxiety Disorders,RaceEthnicity,"Black, NH",1684
2021-09,Anxiety Disorders,RaceEthnicity,Hispanic,2396
2021-09,Anxiety Disorders,RaceEthnicity,"Multiple/Other, NH",1857
2021-09,Anxiety Disorders,RaceEthnicity,"NHOPI, NH",1755
2021-09,Anxiety Disorders,RaceEthnicity,"White, NH",3313
2021-09,Anxiety Disorders,Sex,All,2671
2021-09,Anxiety Disorders,Sex,Female,3219
2021-09,Anxiety Disorders,Sex,Male,2077
2021-09,Anxiety Disorders,Total,All,2671
2021-08,Anxiety Disorders,Age,12-17 years,2162
2021-08,Anxiety Disorders,Age,18-34 years,3076
2021-08,Anxiety Disorders,Age,35-64 years,3199
2021-08,Anxiety Disorders,Age,65+ years,2540
2021-08,Anxiety Disorders,Age,All,2606
2021-08,Anxiety Disorders,RaceEthnicity,"AI/AN, NH",3077
2021-08,Anxiety Disorders,RaceEthnicity,All,2606
2021-08,Anxiety Disorders,RaceEthnicity,"Asian, NH",1473
2021-08,Anxiety Disorders,RaceEthnicity,"Black, NH",1639
2021-08,Anxiety Disorders,RaceEthnicity,Hispanic,2353
2021-08,Anxiety Disorders,RaceEthnicity,"Multiple/Other, NH",1950
2021-08,Anxiety Disorders,RaceEthnicity,"NHOPI, NH",1595
2021-08,Anxiety Disorders,RaceEthnicity,"White, NH",3231
2021-08,Anxiety Disorders,Sex,All,2606
2021-08,Anxiety Disorders,Sex,Female,3140
2021-08,Anxiety Disorders,Sex,Male,2025
2021-08,Anxiety Disorders,Total,All,2606
2021-07,Anxiety Disorders,Age,12-17 years,2429
2021-07,Anxiety Disorders,Age,18-34 years,3216
2021-07,Anxiety Disorders,Age,35-64 years,3350
2021-07,Anxiety Disorders,Age,65+ years,2636
2021-07,Anxiety Disorders,Age,All,2752
2021-07,Anxiety Disorders,RaceEthnicity,"AI/AN, NH",3459
2021-07,Anxiety Disorders,RaceEthnicity,All,2752
2021-07,Anxiety Disorders,RaceEthnicity,"Asian, NH",1507
2021-07,Anxiety Disorders,RaceEthnicity,"Black, NH",1716
2021-07,Anxiety Disorders,RaceEthnicity,Hispanic,2538
2021-07,Anxiety Disorders,RaceEthnicity,"Multiple/Other, NH",2185
2021-07,Anxiety Disorders,RaceEthnicity,"NHOPI, NH",1785
2021-07,Anxiety Disorders,RaceEthnicity,"White, NH",3384
2021-07,Anxiety Disorders,Sex,All,2752
2021-07,Anxiety Disorders,Sex,Female,3296
2021-07,Anxiety Disorders,Sex,Male,2152
2021-07,Anxiety Disorders,Total,All,2752
2021-06,Anxiety Disorders,Age,12-17 years,2670
2021-06,Anxiety Disorders,Age,18-34 years,3434
2021-06,Anxiety Disorders,Age,35-64 years,3506
2021-06,Anxiety Disorders,Age,65+ years,2663
2021-06,Anxiety Disorders,Age,All,2888
2021-06,Anxiety Disorders,RaceEthnicity,"AI/AN, NH",3484
2021-06,Anxiety Disorders,RaceEthnicity,All,2888
2021-06,Anxiety Disorders,RaceEthnicity,"Asian, NH",1668
2021-06,Anxiety Disorders,RaceEthnicity,"Black, NH",1836
2021-06,Anxiety Disorders,RaceEthnicity,Hispanic,2715
2021-06,Anxiety Disorders,RaceEthnicity,"Multiple/Other, NH",2382
2021-06,Anxiety Disorders,RaceEthnicity,"NHOPI, NH",1773
2021-06,Anxiety Disorders,RaceEthnicity,"White, NH",3508
2021-06,Anxiety Disorders,Sex,All,2888
2021-06,Anxiety Disorders,Sex,Female,3459
2021-06,Anxiety Disorders,Sex,Male,2263
2021-06,Anxiety Disorders,Total,All,2888
2021-05,Anxiety Disorders,Age,12-17 years,2916
2021-05,Anxiety Disorders,Age,18-34 years,3538
2021-05,Anxiety Disorders,Age,35-64 years,3553
2021-05,Anxiety Disorders,Age,65+ years,2712
2021-05,Anxiety Disorders,Age,All,2949
2021-05,Anxiety Disorders,RaceEthnicity,"AI/AN, NH",3590
2021-05,Anxiety Disorders,RaceEthnicity,All,2949
2021-05,Anxiety Disorders,RaceEthnicity,"Asian, NH",1670
2021-05,Anxiety Disorders,RaceEthnicity,"Black, NH",1853
2021-05,Anxiety Disorders,RaceEthnicity,Hispanic,2787
2021-05,Anxiety Disorders,RaceEthnicity,"Multiple/Other, NH",2355
2021-05,Anxiety Disorders,RaceEthnicity,"NHOPI, NH",1921
2021-05,Anxiety Disorders,RaceEthnicity,"White, NH",3582
2021-05,Anxiety Disorders,Sex,All,2949
2021-05,Anxiety Disorders,Sex,Female,3535
2021-05,Anxiety Disorders,Sex,Male,2307
2021-05,Anxiety Disorders,Total,All,2949
2021-04,Anxiety Disorders,Age,12-17 years,2965
2021-04,Anxiety Disorders,Age,18-34 years,3590
2021-04,Anxiety Disorders,Age,35-64 years,3622
2021-04,Anxiety Disorders,Age,65+ years,2752
2021-04,Anxiety Disorders,Age,All,3034
2021-04,Anxiety Disorders,RaceEthnicity,"AI/AN, NH",3670
2021-04,Anxiety Disorders,RaceEthnicity,All,3034
2021-04,Anxiety Disorders,RaceEthnicity,"Asian, NH",1787
2021-04,Anxiety Disorders,RaceEthnicity,"Black, NH",1946
2021-04,Anxiety Disorders,RaceEthnicity,Hispanic,2812
2021-04,Anxiety Disorders,RaceEthnicity,"Multiple/Other, NH",2391
2021-04,Anxiety Disorders,RaceEthnicity,"NHOPI, NH",2039
2021-04,Anxiety Disorders,RaceEthnicity,"White, NH",3689
2021-04,Anxiety Disorders,Sex,All,3034
2021-04,Anxiety Disorders,Sex,Female,3623
2021-04,Anxiety Disorders,Sex,Male,2388
2021-04,Anxiety Disorders,Total,All,3034
2021-03,Anxiety Disorders,Age,12-17 years,3327
2021-03,Anxiety Disorders,Age,18-34 years,3802
2021-03,Anxiety Disorders,Age,35-64 years,3834
2021-03,Anxiety Disorders,Age,65+ years,2907
2021-03,Anxiety Disorders,Age,All,3252
2021-03,Anxiety Disorders,RaceEthnicity,"AI/AN, NH",3962
2021-03,Anxiety Disorders,RaceEthnicity,All,3252
2021-03,Anxiety Disorders,RaceEthnicity,"Asian, NH",1898
2021-03,Anxiety Disorders,RaceEthnicity,"Black, NH",2063
2021-03,Anxiety Disorders,RaceEthnicity,Hispanic,3095
2021-03,Anxiety Disorders,RaceEthnicity,"Multiple/Other, NH",2511
2021-03,Anxiety Disorders,RaceEthnicity,"NHOPI, NH",2490
2021-03,Anxiety Disorders,RaceEthnicity,"White, NH",3949
2021-03,Anxiety Disorders,Sex,All,3252
2021-03,Anxiety Disorders,Sex,Female,3883
2021-03,Anxiety Disorders,Sex,Male,2571
2021-03,Anxiety Disorders,Total,All,3252
2021-02,Anxiety Disorders,Age,12-17 years,3596
2021-02,Anxiety Disorders,Age,18-34 years,3927
2021-02,Anxiety Disorders,Age,35-64 years,3953
2021-02,Anxiety Disorders,Age,65+ years,2948
2021-02,Anxiety Disorders,Age,All,3387
2021-02,Anxiety Disorders,RaceEthnicity,"AI/AN, NH",4031
2021-02,Anxiety Disorders,RaceEthnicity,All,3387
2021-02,Anxiety Disorders,RaceEthnicity,"Asian, NH",1958
2021-02,Anxiety Disorders,RaceEthnicity,"Black, NH",2200
2021-02,Anxiety Disorders,RaceEthnicity,Hispanic,3285
2021-02,Anxiety Disorders,RaceEthnicity,"Multiple/Other, NH",2568
2021-02,Anxiety Disorders,RaceEthnicity,"NHOPI, NH",2575
2021-02,Anxiety Disorders,RaceEthnicity,"White, NH",4081
2021-02,Anxiety Disorders,Sex,All,3387
2021-02,Anxiety Disorders,Sex,Female,4013
2021-02,Anxiety Disorders,Sex,Male,2701
2021-02,Anxiety Disorders,Total,All,3387
2021-01,Anxiety Disorders,Age,12-17 years,3448
2021-01,Anxiety Disorders,Age,18-34 years,3815
2021-01,Anxiety Disorders,Age,35-64 years,3865
2021-01,Anxiety Disorders,Age,65+ years,2899
2021-01,Anxiety Disorders,Age,All,3324
2021-01,Anxiety Disorders,RaceEthnicity,"AI/AN, NH",4291
2021-01,Anxiety Disorders,RaceEthnicity,All,3324
2021-01,Anxiety Disorders,RaceEthnicity,"Asian, NH",2038
2021-01,Anxiety Disorders,RaceEthnicity,"Black, NH",2152
2021-01,Anxiety Disorders,RaceEthnicity,Hispanic,3356
2021-01,Anxiety Disorders,RaceEthnicity,"Multiple/Other, NH",2616
2021-01,Anxiety Disorders,RaceEthnicity,"NHOPI, NH",2313
2021-01,Anxiety Disorders,RaceEthnicity,"White, NH",4055
2021-01,Anxiety Disorders,Sex,All,3324
2021-01,Anxiety Disorders,Sex,Female,3931
2021-01,Anxiety Disorders,Sex,Male,2651
2021-01,Anxiety Disorders,Total,All,3324
2020-12,Anxiety Disorders,Age,12-17 years,3202
2020-12,Anxiety Disorders,Age,18-34 years,3658
2020-12,Anxiety Disorders,Age,35-64 years,3702
2020-12,Anxiety Disorders,Age,65+ years,2792
2020-12,Anxiety Disorders,Age,All,3192
2020-12,Anxiety Disorders,RaceEthnicity,"AI/AN, NH",4215
2020-12,Anxiety Disorders,RaceEthnicity,All,3192
2020-12,Anxiety Disorders,RaceEthnicity,"Asian, NH",1951
2020-12,Anxiety Disorders,RaceEthnicity,"Black, NH",2117
2020-12,Anxiety Disorders,RaceEthnicity,Hispanic,3205
2020-12,Anxiety Disorders,RaceEthnicity,"Multiple/Other, NH",2577
2020-12,Anxiety Disorders,RaceEthnicity,"NHOPI, NH",2535
2020-12,Anxiety Disorders,RaceEthnicity,"White, NH",3897
2020-12,Anxiety Disorders,Sex,All,3192
2020-12,Anxiety Disorders,Sex,Female,3791
2020-12,Anxiety Disorders,Sex,Male,2537
2020-12,Anxiety Disorders,Total,All,3192
2020-11,Anxiety Disorders,Age,12-17 years,3086
2020-11,Anxiety Disorders,Age,18-34 years,3639
2020-11,Anxiety Disorders,Age,35-64 years,3741
2020-11,Anxiety Disorders,Age,65+ years,2872
2020-11,Anxiety Disorders,Age,All,3203
2020-11,Anxiety Disorders,RaceEthnicity,"AI/AN, NH",3852
2020-11,Anxiety Disorders,RaceEthnicity,All,3203
2020-11,Anxiety Disorders,RaceEthnicity,"Asian, NH",2026
2020-11,Anxiety Disorders,RaceEthnicity,"Black, NH",2140
2020-11,Anxiety Disorders,RaceEthnicity,Hispanic,3190
2020-11,Anxiety Disorders,RaceEthnicity,"Multiple/Other, NH",2601
2020-11,Anxiety Disorders,RaceEthnicity,"NHOPI, NH",2410
2020-11,Anxiety Disorders,RaceEthnicity,"White, NH",3925
2020-11,Anxiety Disorders,Sex,All,3203
2020-11,Anxiety Disorders,Sex,Female,3836
2020-11,Anxiety Disorders,Sex,Male,2500
2020-11,Anxiety Disorders,Total,All,3203
2020-10,Anxiety Disorders,Age,12-17 years,3130
2020-10,Anxiety Disorders,Age,18-34 years,3816
2020-10,Anxiety Disorders,Age,35-64 years,4003
2020-10,Anxiety Disorders,Age,65+ years,3031
2020-10,Anxiety Disorders,Age,All,3382
2020-10,Anxiety Disorders,RaceEthnicity,"AI/AN, NH",4058
2020-10,Anxiety Disorders,RaceEthnicity,All,3382
2020-10,Anxiety Disorders,RaceEthnicity,"Asian, NH",2176
2020-10,Anxiety Disorders,RaceEthnicity,"Black, NH",2287
2020-10,Anxiety Disorders,RaceEthnicity,Hispanic,3287
2020-10,Anxiety Disorders,RaceEthnicity,"Multiple/Other, NH",2679
2020-10,Anxiety Disorders,RaceEthnicity,"NHOPI, NH",2722
2020-10,Anxiety Disorders,RaceEthnicity,"White, NH",4180
2020-10,Anxiety Disorders,Sex,All,3382
2020-10,Anxiety Disorders,Sex,Female,4091
2020-10,Anxiety Disorders,Sex,Male,2598
2020-10,Anxiety Disorders,Total,All,3382
2020-09,Anxiety Disorders,Age,12-17 years,3124
2020-09,Anxiety Disorders,Age,18-34 years,4068
2020-09,Anxiety Disorders,Age,35-64 years,4235
2020-09,Anxiety Disorders,Age,65+ years,3189
2020-09,Anxiety Disorders,Age,All,3570
2020-09,Anxiety Disorders,RaceEthnicity,"AI/AN, NH",4099
2020-09,Anxiety Disorders,RaceEthnicity,All,3570
2020-09,Anxiety Disorders,RaceEthnicity,"Asian, NH",2226
2020-09,Anxiety Disorders,RaceEthnicity,"Black, NH",2452
2020-09,Anxiety Disorders,RaceEthnicity,Hispanic,3507
2020-09,Anxiety Disorders,RaceEthnicity,"Multiple/Other, NH",2826
2020-09,Anxiety Disorders,RaceEthnicity,"NHOPI, NH",2695
2020-09,Anxiety Disorders,RaceEthnicity,"White, NH",4391
2020-09,Anxiety Disorders,Sex,All,3570
2020-09,Anxiety Disorders,Sex,Female,4334
2020-09,Anxiety Disorders,Sex,Male,2737
2020-09,Anxiety Disorders,Total,All,3570
2020-08,Anxiety Disorders,Age,12-17 years,3022
2020-08,Anxiety Disorders,Age,18-34 years,4033
2020-08,Anxiety Disorders,Age,35-64 years,4191
2020-08,Anxiety Disorders,Age,65+ years,3204
2020-08,Anxiety Disorders,Age,All,3567
2020-08,Anxiety Disorders,RaceEthnicity,"AI/AN, NH",4063
2020-08,Anxiety Disorders,RaceEthnicity,All,3567
2020-08,Anxiety Disorders,RaceEthnicity,"Asian, NH",2204
2020-08,Anxiety Disorders,RaceEthnicity,"Black, NH",2479
2020-08,Anxiety Disorders,RaceEthnicity,Hispanic,3500
2020-08,Anxiety Disorders,RaceEthnicity,"Multiple/Other, NH",2822
2020-08,Anxiety Disorders,RaceEthnicity,"NHOPI, NH",2614
2020-08,Anxiety Disorders,RaceEthnicity,"White, NH",4366
2020-08,Anxiety Disorders,Sex,All,3567
2020-08,Anxiety Disorders,Sex,Female,4337
2020-08,Anxiety Disorders,Sex,Male,2734
2020-08,Anxiety Disorders,Total,All,3567
2020-07,Anxiety Disorders,Age,12-17 years,2872
2020-07,Anxiety Disorders,Age,18-34 years,3940
2020-07,Anxiety Disorders,Age,35-64 years,4084
2020-07,Anxiety Disorders,Age,65+ years,3094
2020-07,Anxiety Disorders,Age,All,3485
2020-07,Anxiety Disorders,RaceEthnicity,"AI/AN, NH",3935
2020-07,Anxiety Disorders,RaceEthnicity,All,3485
2020-07,Anxiety Disorders,RaceEthnicity,"Asian, NH",2138
2020-07,Anxiety Disorders,RaceEthnicity,"Black, NH",2434
2020-07,Anxiety Disorders,RaceEthnicity,Hispanic,3340
2020-07,Anxiety Disorders,RaceEthnicity,"Multiple/Other, NH",2775
2020-07,Anxiety Disorders,RaceEthnicity,"NHOPI, NH",2377
2020-07,Anxiety Disorders,RaceEthnicity,"White, NH",4279
2020-07,Anxiety Disorders,Sex,All,3485
2020-07,Anxiety Disorders,Sex,Female,4233
2020-07,Anxiety Disorders,Sex,Male,2678
2020-07,Anxiety Disorders,Total,All,3485
2020-06,Anxiety Disorders,Age,12-17 years,3041
2020-06,Anxiety Disorders,Age,18-34 years,4059
2020-06,Anxiety Disorders,Age,35-64 years,4195
2020-06,Anxiety Disorders,Age,65+ years,3129
2020-06,Anxiety Disorders,Age,All,3576
2020-06,Anxiety Disorders,RaceEthnicity,"AI/AN, NH",4219
2020-06,Anxiety Disorders,RaceEthnicity,All,3576
2020-06,Anxiety Disorders,RaceEthnicity,"Asian, NH",2226
2020-06,Anxiety Disorders,RaceEthnicity,"Black, NH",2473
2020-06,Anxiety Disorders,RaceEthnicity,Hispanic,3445
2020-06,Anxiety Disorders,RaceEthnicity,"Multiple/Other, NH",2868
2020-06,Anxiety Disorders,RaceEthnicity,"NHOPI, NH",2191
2020-06,Anxiety Disorders,RaceEthnicity,"White, NH",4313
2020-06,Anxiety Disorders,Sex,All,3576
2020-06,Anxiety Disorders,Sex,Female,4345
2020-06,Anxiety Disorders,Sex,Male,2758
2020-06,Anxiety Disorders,Total,All,3576
2020-05,Anxiety Disorders,Age,12-17 years,3422
2020-05,Anxiety Disorders,Age,18-34 years,4392
2020-05,Anxiety Disorders,Age,35-64 years,4435
2020-05,Anxiety Disorders,Age,65+ years,3180
2020-05,Anxiety Disorders,Age,All,3794
2020-05,Anxiety Disorders,RaceEthnicity,"AI/AN, NH",4023
2020-05,Anxiety Disorders,RaceEthnicity,All,3794
2020-05,Anxiety Disorders,RaceEthnicity,"Asian, NH",2230
2020-05,Anxiety Disorders,RaceEthnicity,"Black, NH",2682
2020-05,Anxiety Disorders,RaceEthnicity,Hispanic,3710
2020-05,Anxiety Disorders,RaceEthnicity,"Multiple/Other, NH",2940
2020-05,Anxiety Disorders,RaceEthnicity,"NHOPI, NH",2504
2020-05,Anxiety Disorders,RaceEthnicity,"White, NH",4499
2020-05,Anxiety Disorders,Sex,All,3794
2020-05,Anxiety Disorders,Sex,Female,4583
2020-05,Anxiety Disorders,Sex,Male,2964
2020-05,Anxiety Disorders,Total,All,3794
2020-04,Anxiety Disorders,Age,12-17 years,3585
2020-04,Anxiety Disorders,Age,18-34 years,4483
2020-04,Anxiety Disorders,Age,35-64 years,4381
2020-04,Anxiety Disorders,Age,65+ years,3102
2020-04,Anxiety Disorders,Age,All,3813
2020-04,Anxiety Disorders,RaceEthnicity,"AI/AN, NH",4360
2020-04,Anxiety Disorders,RaceEthnicity,All,3813
2020-04,Anxiety Disorders,RaceEthnicity,"Asian, NH",2302
2020-04,Anxiety Disorders,RaceEthnicity,"Black, NH",2779
2020-04,Anxiety Disorders,RaceEthnicity,Hispanic,3755
2020-04,Anxiety Disorders,RaceEthnicity,"Multiple/Other, NH",2961
2020-04,Anxiety Disorders,RaceEthnicity,"NHOPI, NH",2541
2020-04,Anxiety Disorders,RaceEthnicity,"White, NH",4566
2020-04,Anxiety Disorders,Sex,All,3813
2020-04,Anxiety Disorders,Sex,Female,4595
2020-04,Anxiety Disorders,Sex,Male,3009
2020-04,Anxiety Disorders,Total,All,3813
2020-03,Anxiety Disorders,Age,12-17 years,2525
2020-03,Anxiety Disorders,Age,18-34 years,3484
2020-03,Anxiety Disorders,Age,35-64 years,3686
2020-03,Anxiety Disorders,Age,65+ years,2861
2020-03,Anxiety Disorders,Age,All,3008
2020-03,Anxiety Disorders,RaceEthnicity,"AI/AN, NH",3152
2020-03,Anxiety Disorders,RaceEthnicity,All,3008
2020-03,Anxiety Disorders,RaceEthnicity,"Asian, NH",1825
2020-03,Anxiety Disorders,RaceEthnicity,"Black, NH",1949
2020-03,Anxiety Disorders,RaceEthnicity,Hispanic,2702
2020-03,Anxiety Disorders,RaceEthnicity,"Multiple/Other, NH",2228
2020-03,Anxiety Disorders,RaceEthnicity,"NHOPI, NH",1765
2020-03,Anxiety Disorders,RaceEthnicity,"White, NH",3849
2020-03,Anxiety Disorders,Sex,All,3008
2020-03,Anxiety Disorders,Sex,Female,3599
2020-03,Anxiety Disorders,Sex,Male,2354
2020-03,Anxiety Disorders,Total,All,3008
2020-02,Anxiety Disorders,Age,12-17 years,2345
2020-02,Anxiety Disorders,Age,18-34 years,3397
2020-02,Anxiety Disorders,Age,35-64 years,3702
2020-02,Anxiety Disorders,Age,65+ years,2877
2020-02,Anxiety Disorders,Age,All,2873
2020-02,Anxiety Disorders,RaceEthnicity,"AI/AN, NH",3157
2020-02,Anxiety Disorders,RaceEthnicity,All,2873
2020-02,Anxiety Disorders,RaceEthnicity,"Asian, NH",1639
2020-02,Anxiety Disorders,RaceEthnicity,"Black, NH",1811
2020-02,Anxiety Disorders,RaceEthnicity,Hispanic,2464
2020-02,Anxiety Disorders,RaceEthnicity,"Multiple/Other, NH",2047
2020-02,Anxiety Disorders,RaceEthnicity,"NHOPI, NH",1729
2020-02,Anxiety Disorders,RaceEthnicity,"White, NH",3688
2020-02,Anxiety Disorders,Sex,All,2873
2020-02,Anxiety Disorders,Sex,Female,3426
2020-02,Anxiety Disorders,Sex,Male,2237
2020-02,Anxiety Disorders,Total,All,2873
2020-01,Anxiety Disorders,Age,12-17 years,2341
2020-01,Anxiety Disorders,Age,18-34 years,3259
2020-01,Anxiety Disorders,Age,35-64 years,3620
2020-01,Anxiety Disorders,Age,65+ years,2736
2020-01,Anxiety Disorders,Age,All,2787
2020-01,Anxiety Disorders,RaceEthnicity,"AI/AN, NH",2830
2020-01,Anxiety Disorders,RaceEthnicity,All,2787
2020-01,Anxiety Disorders,RaceEthnicity,"Asian, NH",1513
2020-01,Anxiety Disorders,RaceEthnicity,"Black, NH",1780
2020-01,Anxiety Disorders,RaceEthnicity,Hispanic,2359
2020-01,Anxiety Disorders,RaceEthnicity,"Multiple/Other, NH",1997
2020-01,Anxiety Disorders,RaceEthnicity,"NHOPI, NH",1606
2020-01,Anxiety Disorders,RaceEthnicity,"White, NH",3616
2020-01,Anxiety Disorders,Sex,All,2787
2020-01,Anxiety Disorders,Sex,Female,3293
2020-01,Anxiety Disorders,Sex,Male,2193
2020-01,Anxiety Disorders,Total,All,2787
2019-12,Anxiety Disorders,Age,12-17 years,2222
2019-12,Anxiety Disorders,Age,18-34 years,3208
2019-12,Anxiety Disorders,Age,35-64 years,3550
2019-12,Anxiety Disorders,Age,65+ years,2665
2019-12,Anxiety Disorders,Age,All,2678
2019-12,Anxiety Disorders,RaceEthnicity,"AI/AN, NH",2955
2019-12,Anxiety Disorders,RaceEthnicity,All,2678
2019-12,Anxiety Disorders,RaceEthnicity,"Asian, NH",1460
2019-12,Anxiety Disorders,RaceEthnicity,"Black, NH",1707
2019-12,Anxiety Disorders,RaceEthnicity,Hispanic,2333
2019-12,Anxiety Disorders,RaceEthnicity,"Multiple/Other, NH",1880
2019-12,Anxiety Disorders,RaceEthnicity,"NHOPI, NH",1556
2019-12,Anxiety Disorders,RaceEthnicity,"White, NH",3460
2019-12,Anxiety Disorders,Sex,All,2678
2019-12,Anxiety Disorders,Sex,Female,3178
2019-12,Anxiety Disorders,Sex,Male,2099
2019-12,Anxiety Disorders,Total,All,2678
2019-11,Anxiety Disorders,Age,12-17 years,2307
2019-11,Anxiety Disorders,Age,18-34 years,3360
2019-11,Anxiety Disorders,Age,35-64 years,3638
2019-11,Anxiety Disorders,Age,65+ years,2689
2019-11,Anxiety Disorders,Age,All,2786
2019-11,Anxiety Disorders,RaceEthnicity,"AI/AN, NH",3061
2019-11,Anxiety Disorders,RaceEthnicity,All,2786
2019-11,Anxiety Disorders,RaceEthnicity,"Asian, NH",1640
2019-11,Anxiety Disorders,RaceEthnicity,"Black, NH",1800
2019-11,Anxiety Disorders,RaceEthnicity,Hispanic,2465
2019-11,Anxiety Disorders,RaceEthnicity,"Multiple/Other, NH",2033
2019-11,Anxiety Disorders,RaceEthnicity,"NHOPI, NH",1873
2019-11,Anxiety Disorders,RaceEthnicity,"White, NH",3544
2019-11,Anxiety Disorders,Sex,All,2786
2019-11,Anxiety Disorders,Sex,Female,3341
2019-11,Anxiety Disorders,Sex,Male,2145
2019-11,Anxiety Disorders,Total,All,2786
2019-10,Anxiety Disorders,Age,12-17 years,2350
2019-10,Anxiety Disorders,Age,18-34 years,3434
2019-10,Anxiety Disorders,Age,35-64 years,3644
2019-10,Anxiety Disorders,Age,65+ years,2742
2019-10,Anxiety Disorders,Age,All,2886
2019-10,Anxiety Disorders,RaceEthnicity,"AI/AN, NH",3017
2019-10,Anxiety Disorders,RaceEthnicity,All,2886
2019-10,Anxiety Disorders,RaceEthnicity,"Asian, NH",1708
2019-10,Anxiety Disorders,RaceEthnicity,"Black, NH",1839
2019-10,Anxiety Disorders,RaceEthnicity,Hispanic,2665
2019-10,Anxiety Disorders,RaceEthnicity,"Multiple/Other, NH",2260
2019-10,Anxiety Disorders,RaceEthnicity,"NHOPI, NH",1905
2019-10,Anxiety Disorders,RaceEthnicity,"White, NH",3665
2019-10,Anxiety Disorders,Sex,All,2886
2019-10,Anxiety Disorders,Sex,Female,3473
2019-10,Anxiety Disorders,Sex,Male,2215
2019-10,Anxiety Disorders,Total,All,2886
2019-09,Anxiety Disorders,Age,12-17 years,2380
2019-09,Anxiety Disorders,Age,18-34 years,3462
2019-09,Anxiety Disorders,Age,35-64 years,3653
2019-09,Anxiety Disorders,Age,65+ years,2747
2019-09,Anxiety Disorders,Age,All,2919
2019-09,Anxiety Disorders,RaceEthnicity,"AI/AN, NH",3133
2019-09,Anxiety Disorders,RaceEthnicity,All,2919
2019-09,Anxiety Disorders,RaceEthnicity,"Asian, NH",1706
2019-09,Anxiety Disorders,RaceEthnicity,"Black, NH",1848
2019-09,Anxiety Disorders,RaceEthnicity,Hispanic,2676
2019-09,Anxiety Disorders,RaceEthnicity,"Multiple/Other, NH",2265
2019-09,Anxiety Disorders,RaceEthnicity,"NHOPI, NH",1599
2019-09,Anxiety Disorders,RaceEthnicity,"White, NH",3700
2019-09,Anxiety Disorders,Sex,All,2919
2019-09,Anxiety Disorders,Sex,Female,3506
2019-09,Anxiety Disorders,Sex,Male,2251
2019-09,Anxiety Disorders,Total,All,2919
2019-08,Anxiety Disorders,Age,12-17 years,2371
2019-08,Anxiety Disorders,Age,18-34 years,3497
2019-08,Anxiety Disorders,Age,35-64 years,3696
2019-08,Anxiety Disorders,Age,65+ years,2747
2019-08,Anxiety Disorders,Age,All,2990
2019-08,Anxiety Disorders,RaceEthnicity,"AI/AN, NH",3210
2019-08,Anxiety Disorders,RaceEthnicity,All,2990
2019-08,Anxiety Disorders,RaceEthnicity,"Asian, NH",1705
2019-08,Anxiety Disorders,RaceEthnicity,"Black, NH",1937
2019-08,Anxiety Disorders,RaceEthnicity,Hispanic,2802
2025-11,Anxiety Disorders,Age,65+ years,2831
2019-08,Anxiety Disorders,RaceEthnicity,"Multiple/Other, NH",2424
2019-08,Anxiety Disorders,RaceEthnicity,"NHOPI, NH",1692
2019-08,Anxiety Disorders,RaceEthnicity,"White, NH",3731
2019-08,Anxiety Disorders,Sex,All,2990
2019-08,Anxiety Disorders,Sex,Female,3600
2019-08,Anxiety Disorders,Sex,Male,2296
2019-08,Anxiety Disorders,Total,All,2990
2019-07,Anxiety Disorders,Age,12-17 years,2296
2019-07,Anxiety Disorders,Age,18-34 years,3370
2019-07,Anxiety Disorders,Age,35-64 years,3609
2019-07,Anxiety Disorders,Age,65+ years,2683
2019-07,Anxiety Disorders,Age,All,2921
2019-07,Anxiety Disorders,RaceEthnicity,"AI/AN, NH",3150
2019-07,Anxiety Disorders,RaceEthnicity,All,2921
2019-07,Anxiety Disorders,RaceEthnicity,"Asian, NH",1739
2019-07,Anxiety Disorders,RaceEthnicity,"Black, NH",1977
2019-07,Anxiety Disorders,RaceEthnicity,Hispanic,2852
2019-07,Anxiety Disorders,RaceEthnicity,"Multiple/Other, NH",2329
2019-07,Anxiety Disorders,RaceEthnicity,"NHOPI, NH",1871
2019-07,Anxiety Disorders,RaceEthnicity,"White, NH",3612
2019-07,Anxiety Disorders,Sex,All,2921
2019-07,Anxiety Disorders,Sex,Female,3508
2019-07,Anxiety Disorders,Sex,Male,2251
2019-07,Anxiety Disorders,Total,All,2921
2019-06,Anxiety Disorders,Age,12-17 years,2057
2019-06,Anxiety Disorders,Age,18-34 years,3255
2019-06,Anxiety Disorders,Age,35-64 years,3531
2019-06,Anxiety Disorders,Age,65+ years,2645
2019-06,Anxiety Disorders,Age,All,2809
2019-06,Anxiety Disorders,RaceEthnicity,"AI/AN, NH",3251
2019-06,Anxiety Disorders,RaceEthnicity,All,2809
2019-06,Anxiety Disorders,RaceEthnicity,"Asian, NH",1644
2019-06,Anxiety Disorders,RaceEthnicity,"Black, NH",1853
2019-06,Anxiety Disorders,RaceEthnicity,Hispanic,2675
2019-06,Anxiety Disorders,RaceEthnicity,"Multiple/Other, NH",2233
2019-06,Anxiety Disorders,RaceEthnicity,"NHOPI, NH",1737
2019-06,Anxiety Disorders,RaceEthnicity,"White, NH",3522
2019-06,Anxiety Disorders,Sex,All,2809
2019-06,Anxiety Disorders,Sex,Female,3381
2019-06,Anxiety Disorders,Sex,Male,2153
2019-06,Anxiety Disorders,Total,All,2809
2019-05,Anxiety Disorders,Age,12-17 years,2228
2019-05,Anxiety Disorders,Age,18-34 years,3287
2019-05,Anxiety Disorders,Age,35-64 years,3522
2019-05,Anxiety Disorders,Age,65+ years,2602
2019-05,Anxiety Disorders,Age,All,2768
2019-05,Anxiety Disorders,RaceEthnicity,"AI/AN, NH",3162
2019-05,Anxiety Disorders,RaceEthnicity,All,2768
2019-05,Anxiety Disorders,RaceEthnicity,"Asian, NH",1642
2019-05,Anxiety Disorders,RaceEthnicity,"Black, NH",1824
2019-05,Anxiety Disorders,RaceEthnicity,Hispanic,2580
2019-05,Anxiety Disorders,RaceEthnicity,"Multiple/Other, NH",2175
2019-05,Anxiety Disorders,RaceEthnicity,"NHOPI, NH",1581
2019-05,Anxiety Disorders,RaceEthnicity,"White, NH",3503
2019-05,Anxiety Disorders,Sex,All,2768
2019-05,Anxiety Disorders,Sex,Female,3319
2019-05,Anxiety Disorders,Sex,Male,2126
2019-05,Anxiety Disorders,Total,All,2768
2019-04,Anxiety Disorders,Age,12-17 years,2267
2019-04,Anxiety Disorders,Age,18-34 years,3266
2019-04,Anxiety Disorders,Age,35-64 years,3520
2019-04,Anxiety Disorders,Age,65+ years,2593
2019-04,Anxiety Disorders,Age,All,2749
2019-04,Anxiety Disorders,RaceEthnicity,"AI/AN, NH",3150
2019-04,Anxiety Disorders,RaceEthnicity,All,2749
2019-04,Anxiety Disorders,RaceEthnicity,"Asian, NH",1552
2019-04,Anxiety Disorders,RaceEthnicity,"Black, NH",1800
2019-04,Anxiety Disorders,RaceEthnicity,Hispanic,2486
2019-04,Anxiety Disorders,RaceEthnicity,"Multiple/Other, NH",2192
2019-04,Anxiety Disorders,RaceEthnicity,"NHOPI, NH",1618
2019-04,Anxiety Disorders,RaceEthnicity,"White, NH",3494
2019-04,Anxiety Disorders,Sex,Female,3263
2019-04,Anxiety Disorders,Sex,Male,2117
2019-04,Anxiety Disorders,Total,All,2749
2019-03,Anxiety Disorders,Age,12-17 years,2158
2019-03,Anxiety Disorders,Age,18-34 years,3190
2019-03,Anxiety Disorders,Age,35-64 years,3484
2019-03,Anxiety Disorders,Age,65+ years,2563
2019-03,Anxiety Disorders,Age,All,2677
2019-03,Anxiety Disorders,RaceEthnicity,"AI/AN, NH",2976
2019-03,Anxiety Disorders,RaceEthnicity,All,2677
2019-03,Anxiety Disorders,RaceEthnicity,"Asian, NH",1575
2019-03,Anxiety Disorders,RaceEthnicity,"Black, NH",1748
2019-03,Anxiety Disorders,RaceEthnicity,Hispanic,2351
2019-03,Anxiety Disorders,RaceEthnicity,"Multiple/Other, NH",2108
2019-03,Anxiety Disorders,RaceEthnicity,"NHOPI, NH",1411
2019-03,Anxiety Disorders,RaceEthnicity,"White, NH",3407
2019-03,Anxiety Disorders,Sex,All,2677
2019-03,Anxiety Disorders,Sex,Female,3166
2019-03,Anxiety Disorders,Sex,Male,2070
2019-03,Anxiety Disorders,Total,All,2677
2019-02,Anxiety Disorders,Age,12-17 years,2112
2019-02,Anxiety Disorders,Age,18-34 years,3097
2019-02,Anxiety Disorders,Age,35-64 years,3345
2019-02,Anxiety Disorders,Age,65+ years,2496
2019-02,Anxiety Disorders,Age,All,2581
2019-02,Anxiety Disorders,RaceEthnicity,"AI/AN, NH",3037
2019-02,Anxiety Disorders,RaceEthnicity,All,2581
2019-02,Anxiety Disorders,RaceEthnicity,"Asian, NH",1592
2019-02,Anxiety Disorders,RaceEthnicity,"Black, NH",1689
2019-02,Anxiety Disorders,RaceEthnicity,"Multiple/Other, NH",2046
2019-02,Anxiety Disorders,RaceEthnicity,"NHOPI, NH",1479
2019-02,Anxiety Disorders,RaceEthnicity,"White, NH",3303
2019-02,Anxiety Disorders,Sex,All,2581
2019-02,Anxiety Disorders,Sex,Female,3042
2019-02,Anxiety Disorders,Sex,Male,2007
2019-02,Anxiety Disorders,Total,All,2581
2019-01,Anxiety Disorders,Age,12-17 years,2115
2019-01,Anxiety Disorders,Age,18-34 years,2941
2019-01,Anxiety Disorders,Age,35-64 years,3268
2019-01,Anxiety Disorders,Age,65+ years,2408
2019-01,Anxiety Disorders,Age,All,2528
2019-01,Anxiety Disorders,RaceEthnicity,"AI/AN, NH",3085
2019-01,Anxiety Disorders,RaceEthnicity,All,2528
2019-01,Anxiety Disorders,RaceEthnicity,"Asian, NH",1489
2019-01,Anxiety Disorders,RaceEthnicity,"Black, NH",1652
2019-01,Anxiety Disorders,RaceEthnicity,Hispanic,2250
2019-01,Anxiety Disorders,RaceEthnicity,"Multiple/Other, NH",2027
2019-01,Anxiety Disorders,RaceEthnicity,"NHOPI, NH",1327
2019-01,Anxiety Disorders,RaceEthnicity,"White, NH",3210
2019-01,Anxiety Disorders,Sex,All,2528
2019-01,Anxiety Disorders,Sex,Female,2958
2019-01,Anxiety Disorders,Sex,Male,1990
2019-01,Anxiety Disorders,Total,All,2528
2019-04,Anxiety Disorders,Sex,All,2749
2025-11,Anxiety Disorders,Age,All,2578
2025-11,Anxiety Disorders,RaceEthnicity,"AI/AN, NH",2808
2025-11,Anxiety Disorders,RaceEthnicity,All,2578
2025-11,Anxiety Disorders,RaceEthnicity,"Asian, NH",1529
2025-11,Anxiety Disorders,RaceEthnicity,"Black, NH",1645
2025-11,Anxiety Disorders,RaceEthnicity,Hispanic,2046
2025-11,Anxiety Disorders,RaceEthnicity,"Multiple/Other, NH",1914
2025-11,Anxiety Disorders,RaceEthnicity,"NHOPI, NH",1384
2025-11,Anxiety Disorders,RaceEthnicity,"White, NH",3178
2025-11,Anxiety Disorders,Sex,All,2578
2025-11,Anxiety Disorders,Sex,Female,2963
2025-11,Anxiety Disorders,Sex,Male,2102
2025-11,Anxiety Disorders,Total,All,2578
2025-07,Anxiety Disorders,Sex,All,2635
2025-03,Anxiety Disorders,Age,All,2546
2022-05,Anxiety Disorders,Age,All,2470
2022-03,Anxiety Disorders,Sex,All,2746
2019-02,Anxiety Disorders,RaceEthnicity,Hispanic,2274
2025-06,Anxiety Disorders,Age,12-17 years,2267
2025-06,Anxiety Disorders,Age,18-34 years,2923
2025-06,Anxiety Disorders,Age,35-64 years,3069
2025-06,Anxiety Disorders,Age,65+ years,2705
2025-06,Anxiety Disorders,Age,All,2616
2025-06,Anxiety Disorders,RaceEthnicity,"AI/AN, NH",2861
2025-06,Anxiety Disorders,RaceEthnicity,All,2616
2025-06,Anxiety Disorders,RaceEthnicity,"Asian, NH",1533
2025-06,Anxiety Disorders,RaceEthnicity,"Black, NH",1684
2025-06,Anxiety Disorders,RaceEthnicity,Hispanic,2145
2025-06,Anxiety Disorders,RaceEthnicity,"Multiple/Other, NH",1927
2025-06,Anxiety Disorders,RaceEthnicity,"NHOPI, NH",1444
2025-06,Anxiety Disorders,RaceEthnicity,"White, NH",3175
2025-06,Anxiety Disorders,Sex,All,2616
2025-06,Anxiety Disorders,Sex,Female,3043
2025-06,Anxiety Disorders,Sex,Male,2102
2025-06,Anxiety Disorders,Total,All,2616
