time_lst,tas,ps,hurs,sfcWind,rsds,huss
2001-01-31,13.084735023037636,101041.5414486559,59.741414474932796,1.9869678683830645,135.67084098262097,5.058516745295699
2001-02-28,16.750063536651787,101266.17039895833,49.428195224732136,1.5290563135357143,163.0763777421131,8.758507320229167
2001-03-31,15.920362903225806,100898.30139381721,64.96034946236558,1.6486335125443548,199.34520609314515,7.312516651625001
2001-04-30,14.854305555555555,100695.21355486111,77.19696811473611,1.8615625,265.5641203704167,4.746953305694444
2001-05-31,16.467724525685483,100627.71587298388,82.29714279612902,1.6780215108037633,273.0641161049731,16.068385963033602
2001-06-30,17.632215931944447,100310.10816169446,83.3296911618611,1.7459538688222223,272.43956740494446,8.737376415959723
2001-07-31,18.884622701129032,100580.19375913979,83.52725094,1.6954036872083333,304.9018395216398,3.167913754610215
2001-08-31,19.72995705732527,100528.92366895161,83.75164848350806,1.666274759766129,294.1447021509408,13.530772720576612
2001-09-30,20.73333241959722,100566.68569069444,78.067663255375,1.5946494708986112,216.89858796291668,10.695203845416668
2001-10-31,18.180227001196236,100533.65781801076,70.74775985662635,1.5623297491034944,180.9602278545296,6.625864472311827
2001-11-30,14.966490012902778,100810.80308923611,67.525006542875,1.3170311596152777,133.10175351208332,12.727617078758335
2001-12-31,16.678929851518816,101286.74440376344,46.21241359447581,1.3577956989247313,116.77822580645162,7.865387240041667
2002-01-31,15.894336699005375,101276.22250577957,51.42551250110215,1.7603187403991936,126.41655192758064,5.4171344599462365
2002-02-28,14.101422886577382,100773.29813726191,62.313988095238095,1.6601181280089288,161.32932049224704,5.840359761309524
2002-03-31,14.284016577056452,100797.94779798387,69.6659199522043,1.761242804388441,224.89628136196237,11.43704836128629
2002-04-30,16.348263888888887,100913.38972902778,63.35874269005555,1.8803472222222222,238.21444444444444,5.375585807361111
2002-05-31,15.395356038830647,100715.57700403225,82.9819808333871,1.8345611841196239,290.3379889439113,9.260049836416668
2002-06-30,18.56085342336111,100366.35625263889,83.43932724579167,1.673449447376389,286.8738000967639,11.28504309765139
2002-07-31,19.955793651760754,100566.07336248655,86.70178979510753,1.9038901262204302,283.23480398485214,4.33888018483871
2002-08-31,19.921461871290322,100585.56821384409,80.77760118901882,1.8495137396451613,299.00993669731184,9.749943547173386
2002-09-30,18.975806042888888,100447.64170120833,79.18231371251389,1.6085380842152777,241.7534259259722,13.061838165694445
2002-10-31,17.235657482083333,100530.68716411291,73.96591621864248,1.5739489994032259,199.58865847405914,4.7605204014784945
2002-11-30,17.2936996633125,100779.22643483333,57.37084065883334,1.3272210381027778,137.6089967728472,8.233084195547223
2002-12-31,14.998425499233871,101235.43663619623,47.468413978494624,1.7994623655913977,121.06048387096774,12.583722397169355
2003-01-31,14.405833114784945,101162.77586061828,55.15678599528226,1.5622887864825268,138.00703732857528,7.12380531706586
2003-02-28,12.086020264836309,100822.92853767857,76.32691278758928,1.5847084002127976,127.00354467635418,5.71903134196875
2003-03-31,12.15497311827957,100863.3367185484,75.58064516129032,1.857390436625,244.51484604099463,13.268649467888439
2003-04-30,14.807616959063889,100752.09936374999,76.99155092593055,1.6235309454180558,264.09806286549997,5.672354268472223
2003-05-31,15.896919860860214,100648.96012405913,81.12362280702958,1.9053921238978495,309.28183035819893,6.541445311567204
2003-06-30,16.818638773722224,100530.91264175001,85.17043835886112,1.8178336600430556,289.83175612226387,13.474531653337499
2003-07-31,18.26641225376344,100666.34484771505,83.18548799461021,1.79356660634543,292.31914561291666,6.288023032522849
2003-08-31,18.942566804112904,100491.46841561828,82.8082401895027,1.523521505376344,307.8631174093011,6.538671054170699
2003-09-30,19.71184375,100519.55735013889,78.62115705931944,1.5160416666666665,249.37801587305557,14.651050326523611
2003-10-31,17.367988351250002,100454.24669180108,80.53843712665322,1.3879032258064514,180.88918970819893,6.336292015725807
2003-11-30,15.675021175763888,100977.558855,56.105312839983334,1.4816888293208332,146.28762181816668,7.773026137786111
2003-12-31,12.543682795698924,100935.16268467742,71.38978494623656,1.5400537634408602,96.31451612903226,15.343613424189517
2004-01-31,13.187920272755376,101122.09131419355,50.1567938006586,1.7474798387096775,138.44192642955647,8.262632072983871
2004-02-29,15.753112488692528,100905.39505235633,51.28402670153736,1.5998482500316094,147.74473395323275,5.19331854224569
2004-03-31,12.36021505376344,100794.59366205645,80.73509286412634,1.8895833333333332,232.8534946236559,13.986865038844085
2004-04-30,14.769733552631944,100881.08233652778,71.84652777777778,1.7245175438597222,255.15094298245833,5.482339875
2004-05-31,17.15241267276882,100483.31777557795,83.69647281883064,1.5655415858360213,224.63288449319893,6.412204286172043
2004-06-30,17.818073278555556,100488.89539277778,85.26079287608333,1.7234337916777778,277.0548619738889,15.133417327083334
2004-07-31,19.348803609327955,100506.19654215053,84.17524989603494,1.6075673640981183,285.15259454047043,6.890904743548387
2004-08-31,20.774401724099462,100429.28431626344,79.59354744762096,1.5077956989247312,280.42664843919357,4.662795428225807
2004-09-30,19.389141812861112,100379.64516305555,80.61206807529167,1.4646566764125002,244.84395061722222,14.99087246375
2004-10-31,18.592093894005377,100758.5079955645,64.39247311827957,1.5672267025080644,191.23575908857526,7.051535321370968
2004-11-30,14.864410107979168,100818.59819295832,74.99674343959722,1.5191951188305555,145.29355471308332,5.410247864305556
2004-12-31,13.716532258064516,101282.41253387097,56.76555299538979,1.5145609318991935,114.95430107526882,17.513654142741938
2005-01-31,13.231953904569894,101016.80507793011,60.194581038548385,2.0658208759502688,150.07050878573924,10.573263236306452
2005-02-28,12.558696161056549,100911.79353675594,78.8716894061012,1.475892439138393,137.8203334002232,4.731343466360119
2005-03-31,14.71552724829301,101024.9949688172,69.07011648745967,2.0512395459973116,248.62041788856183,14.944494355909947
2005-04-30,16.511530257930556,100730.40554097222,70.10448082009722,1.9440813840152777,274.6777777777778,7.837584534158333
2005-05-31,17.044243655215052,100658.81084153226,69.57440354942204,2.092843863692204,317.23929741841397,5.768643364385753
2005-06-30,17.192168196527778,100475.81478602778,83.49266118002778,1.8829264540916666,301.1727943861542,13.481897011952778
2005-07-31,18.7906771043414,100668.71658938171,86.45498051987903,1.7915030714825266,302.96896374166664,7.705379871370968
2005-08-31,19.246692543373655,100549.0685233199,82.79180149720429,1.6584615901612902,272.41669960848117,6.337372039516129
2005-09-30,19.170183966847222,100401.21413847222,78.08009259258333,1.6889428780277778,245.36444499556944,12.465560990281945
2005-10-31,17.270497311827956,100653.06287647849,75.45116487455644,1.402948028673387,188.26626344086023,9.06766841291129
2005-11-30,15.43941395204861,100781.80183458333,70.13098545616666,1.39588021685,144.77770853154166,5.662174274583333
2005-12-31,12.173847926263441,101115.59597943549,58.76545698924731,1.6670698924731182,113.38037634408602,14.557235863176075
2006-01-31,12.916532258064516,101080.33070736559,59.06885810447581,1.6820921846317205,115.8349572421102,12.66290579341801
2006-02-28,12.889347578928572,101196.17655773809,68.50737693952381,1.4714001471383928,171.13579537854167,6.411963455044643
2006-03-31,13.584555229717742,100957.82481962367,69.87791218637096,1.8243578255672042,239.08118822645162,11.699820135752688
2006-04-30,14.509508406433334,100748.3881252778,68.545278125875,2.1530202241722223,288.14000487333334,10.712559564579166
2006-05-31,15.294226935846776,100655.12866639784,83.01387119201613,1.8183224970994623,293.6484569639785,7.4823787792970435
2006-06-30,17.709819657847223,100532.80429691666,78.53943451911111,1.915109480352778,309.7379710059375,8.867379916119445
2006-07-31,19.495876457997312,100581.66145405914,80.33023059665322,1.7156355424650536,299.66388782139785,8.370525785084677
2006-08-31,21.03610816981183,100416.62053928763,78.6924167676613,1.6372855189569893,278.9369474238441,4.3953796096545705
2006-09-30,19.49057594797222,100359.29067240279,74.34417977815278,1.8386419753083332,280.84694444444443,10.864264996952777
2006-10-31,19.94242532854839,100932.0355248656,73.05216547192204,1.2879084528091398,153.82672597721773,11.937597783467742
2006-11-30,17.272377259319445,101060.1626038889,67.75709573940277,1.3446458373611112,141.74533110433333,4.943888801388889
2006-12-31,13.555085125443547,101057.34498870968,50.02150537634409,1.5835445468508065,127.53494623655914,7.514579843010753
2007-01-31,13.520020325201612,101127.13677809139,71.45033906560484,1.4088054025698924,108.84005376344086,13.249829498778226
2007-02-28,13.353835607276787,100995.95703638394,82.80801899410714,1.5267903123333333,122.99475822644345,5.647347237351191
2007-03-31,14.233198924731182,101032.8870936828,75.77150537634408,1.8663418458776884,232.62249511241933,6.0735553760631715
2007-04-30,16.125910531541667,100958.02386620833,67.33344907406945,1.9151854636583332,264.3569444444444,10.402281874995833
2007-05-31,16.212974411491935,100624.67966505376,79.42993864110215,1.7578642429301075,281.13299641303763,6.914561471770162
2007-06-30,18.847889481972224,100544.19702740278,81.57848998970833,1.7279060915625,285.22561498968054,9.326470719284721
2007-07-31,20.438748651491935,100418.13832111559,86.54691606120969,1.7384552284475807,290.74264585893815,11.142975907938172
2007-08-31,20.154222890927418,100653.1215405914,84.18501422225806,1.601662234858871,268.8679974561828,6.640900642077957
2007-09-30,20.562482131263888,100469.30969263888,72.04906891070833,1.662745010675,236.1074074073611,4.950800742643056
2007-10-31,18.465739247311827,100667.24978897849,68.00492831541666,1.6754032258064515,190.34468765994626,13.712252944892473
2007-11-30,16.02806737302639,100892.1209811111,66.04975073658333,1.1666915097777777,153.65627845930555,7.665767938341667
2007-12-31,14.835445468508064,100961.06241330644,53.46639784946237,1.6163978494623654,115.71102150537635,7.184689532653225
2008-01-31,13.500150799892474,101083.61906639785,77.48865722526881,1.841871557827957,103.63846333983871,14.993475138053762
2008-02-29,11.589855676091954,100641.75602170976,83.77736342502874,1.9580343536106324,161.66286645995692,7.893380865077586
2008-03-31,11.125672043010752,100612.79718594087,84.29704301075269,1.8800515232983872,220.8547165200403,6.9918800305147855
2008-04-30,14.878689170843055,100701.16228347222,67.72907529240278,1.8405555555555557,250.75814814815277,14.080415235122222
2008-05-31,15.561711891989248,100436.34663400537,84.18009509098118,1.7787481103534948,307.9896784861559,6.065278131178764
2008-06-30,17.37618166263889,100814.42450527778,81.959272246125,1.6639203562374998,266.22649165655554,5.3654045939625
2008-07-31,20.31272675327957,100667.57624260752,81.42151674678763,1.6019920503736558,279.49291467639785,13.070075961021505
2008-08-31,20.315231613857527,100643.20999274192,80.38962207323924,1.674580351344086,273.9238517767742,7.920434489923387
2008-09-30,18.977791666652777,100413.50928083333,83.11433531745834,1.4904940302166667,208.58125,5.843617092769445
2008-10-31,18.565204173064515,100544.75571733872,65.05118727598119,1.5478300477889784,184.38037634408602,13.533564769501345
2008-11-30,13.8277503992,100766.74803594445,61.71533426905556,1.5394130716930556,148.16161224393056,8.050263048472221
2008-12-31,12.042722734255376,101136.61107334676,59.71793394776882,1.6457181259596774,118.90860215053763,5.611325595698925
2009-01-31,13.747108575927419,101025.09324583333,70.1149521374328,1.5532840501787635,125.92145620251344,12.008871876474462
2009-02-28,13.704802033184524,100985.58107645834,69.59396736223214,1.716766151686012,182.86827431113093,9.255820950739585
2009-03-31,16.411451205604838,100796.32946643817,59.37156511350806,1.9185178396868279,236.23566308239245,4.435315242862903
2009-04-30,14.806180555555557,100709.56464888887,79.80109649122222,1.8548132309944445,266.89060916175,13.81628372931389
2009-05-31,16.56339835901882,100679.6120514785,80.39530820336022,1.9053303862043012,255.4251895836828,7.943734328629032
2009-06-30,17.746630651611113,100460.23052891667,83.77419645288889,1.6179256558972221,300.15002382619446,6.787209555420834
2009-07-31,19.819156606169354,100838.28475013441,82.46909239268817,1.7657879567043009,294.8937136931855,13.585699069888442
2009-08-31,19.523679193145163,100409.39575681451,83.29148778856182,1.5786717122674732,287.8611009629973,10.119451140856182
2009-09-30,19.563708333333334,100439.94953694445,77.12216545415278,1.6552374570694446,253.48780864194447,7.419666089995833
2009-10-31,16.83543906810484,100613.26141653226,84.48778375149193,1.5364665471935486,177.44236431133064,13.833561462373655
2009-11-30,15.561140389554167,100984.29509486111,64.524433585875,1.329274216323611,156.68667902456943,9.566864968215278
2009-12-31,12.293413978494623,101019.11741129032,70.15456989247312,2.0006272401438174,113.09274193548387,5.877484882266129
2010-01-31,13.696784496653226,101284.55332647849,66.74009965905914,1.3307261030564517,121.16359540670699,6.24550834261156
2010-02-28,13.67918004279762,101216.8880547619,51.43404185058036,2.0403591492767856,195.4160981807143,11.235746026943453
2010-03-31,15.4497311827957,101124.15801626343,64.63269115889786,1.519662349298387,200.45772238510753,5.6665709720430115
2010-04-30,15.114363425930556,100824.36003555557,74.00416666666666,1.9427083333333333,265.233625731,8.929318219995833
2010-05-31,16.49998102784946,100624.16809162634,75.26751914426076,1.8577814434771507,315.2264816681855,9.962466327028226
2010-06-30,19.07105637361111,100492.06413375001,77.45901174941667,1.613039652386111,284.9966453525833,4.755862613222222
2010-07-31,21.249463876653223,100559.02756317204,82.35224174252689,1.7504210042096775,253.4055938841398,7.862058064512097
2010-08-31,20.09351107295699,100581.87435685485,84.47152844530913,1.6914417429623656,263.756159452621,13.693944857262098
2010-09-30,17.89486111111111,100535.65179379167,84.41985229276389,1.5944808201055556,245.61203703708335,6.960011909873611
2010-10-31,18.531027265739247,100671.67314533603,57.76124551971371,1.6045519713266128,194.11514336918012,9.238933747181452
2010-11-30,14.454568519722223,101044.63070723611,52.283907703208335,1.8779762020111113,158.54707616915277,12.723726739722222
2010-12-31,12.649327956989248,101063.07487365592,45.21639784946237,1.7916666666666667,133.70967741935485,8.263579504834677
2011-01-31,15.329450782405916,101251.33745416667,42.675457863440855,1.6538661908508063,127.28287859202958,5.762237360752687
2011-02-28,11.131723180848216,101081.79913020832,72.06526440165177,1.6625777487961308,115.11143994120535,12.569949471883929
2011-03-31,12.926209677419354,100967.49522365592,81.21102150537635,1.613396057346774,196.50395079834678,6.8720450827997315
2011-04-30,14.405369761218056,100665.05930662501,76.16172331870833,1.5649970760236112,247.29328703708336,8.105434078190278
2011-05-31,15.751730408870968,100504.45268045698,73.78252574037634,2.2444944285927417,335.1872891100672,12.258708550680108
2011-06-30,16.47743771826389,100434.69373097223,82.36220605377777,1.7034333045625,307.079736280375,5.1619151875
2011-07-31,17.934587752325267,100539.05590075269,87.5504490680242,1.640122704685484,310.04209991252685,8.960474498778225
2011-08-31,19.276375802432796,100409.59329268817,79.5601496834543,1.5749491987432795,275.4255328708602,15.812303724462366
2011-09-30,20.962311681972224,100482.75637286111,68.46693783068055,1.5755840440208333,240.95673225319447,7.389060525547222
2011-10-31,18.90488831284946,100614.8419685484,78.64650537634408,1.4384345131424732,180.0639400922043,7.148871728608872
2011-11-30,16.806931721491665,101020.33059458333,71.16838757386111,1.2486835078152778,139.16058593656945,14.088518666115277
2011-12-31,13.217204301075268,101333.70995188173,73.00806451612904,1.535483870967742,110.4274193548387,6.117131315591398
2012-01-31,12.376331628642474,100990.64505634409,73.0676632572715,1.6216374433319891,110.51079327615591,5.368128642330645
2012-02-29,13.779722168405172,101255.9477691092,57.285645098793104,1.6024312282068967,191.87879697791666,13.883560529732758
2012-03-31,15.441028225806452,100913.2740108871,77.26295210166667,1.420474910393817,182.2262952101613,6.554106208744623
2012-04-30,14.236979166666666,100653.27723097222,68.95445906433334,2.005884502923611,266.76712962958334,6.765889489448611
2012-05-31,15.642320492298387,100713.93272836022,80.79299862504033,1.71001484477957,302.5970987771505,13.984625965452956
2012-06-30,17.92341207822222,100410.85786722222,84.98676774376389,1.6659982916527778,279.10250488891666,7.037029060677778
2012-07-31,19.217565116653226,100410.99650255377,84.55961278678764,1.7538000917634409,307.846109475793,7.807776241409946
2012-08-31,20.323257746895163,100479.46068212365,80.61630294348119,1.6727801374301074,255.61839420454302,14.557199206186827
2012-09-30,20.831460769986112,100421.48678791666,76.979209888125,1.5775564141847223,214.1373065476389,7.685422469722222
2012-10-31,19.15000480030914,100519.34180860216,74.06664426523253,1.630606332138441,168.56789127841532,5.155290888840054
2012-11-30,17.111381874002777,100944.49488022222,49.97321964693472,1.714977282263889,141.45683570995834,15.488139593055555
2012-12-31,12.131470814126343,101002.28968467741,63.068548387096776,1.8387288786478493,116.54032258064517,7.702584504174731
2013-01-31,14.797430664825269,101399.54405725806,52.031580167473116,1.546934125733871,137.24875426166668,4.949506082137097
2013-02-28,14.05957196361607,100976.4174641369,57.57684033354167,1.714564941142857,185.65914258962798,12.518154760258929
2013-03-31,14.888978494623656,100893.16986213709,75.37414467252688,1.4675586510268819,197.7675477897715,8.64982231478898
2013-04-30,17.161185185180557,100871.60072791668,69.62422027290278,1.6725925925930556,227.61805555555554,4.593549982601389
2013-05-31,16.974719437540323,100737.7996563172,81.7979427318414,1.824765694111559,276.4071148991129,13.81120755175941
2013-06-30,18.283937914055556,100413.5007717361,88.284165155875,1.804070502613889,285.9670564552111,7.347276835706945
2013-07-31,19.648816608454304,100562.67070537635,86.61736972782258,1.7933946012137099,273.14212711044354,5.804942518829301
2013-08-31,20.45531377244624,100533.72422107527,80.43332009030914,1.7166265626008064,260.5079314534946,15.998542234555108
2013-09-30,21.251898148125,100206.66959343056,78.75705496380556,1.421147999151389,191.31758432540275,9.930379409856945
2013-10-31,18.376578981048386,100595.8564782258,68.97574671446237,1.5799585573467743,198.88485663083335,3.7194499971774198
2013-11-30,17.50883610777778,100739.31900597223,46.46747281125,1.579052556176389,134.3256028637639,12.346932352205554
2013-12-31,11.926344086021507,100772.72342857526,61.92165898616935,1.4408602150537635,115.08064516129032,9.287453663155913
2014-01-31,17.20019505638441,101309.14107002689,49.191786869475806,1.4524780512782256,112.89381720430107,7.065038701466398
2014-02-28,15.0533381821875,100835.98696696428,63.96408507223214,1.7346621689404762,149.9820425360863,9.723459797028275
2014-03-31,17.44590053764785,100946.14420094086,61.939478793319886,1.6169093488655912,202.72647849462365,8.154523650676076
2014-04-30,16.120777943125,100858.32189652776,75.97080687830555,1.9077800925930555,239.8201388888889,6.688073286523612
2014-05-31,16.327446679139786,100770.5708061828,83.3477717125,1.9371395636626345,310.40725296426075,10.74738987217742
2014-06-30,18.4190443765,100427.52366902778,84.94859441765279,1.589818268738889,274.226571263375,9.758438929158332
2014-07-31,19.958907697540322,100423.99525872311,84.8992092853629,1.6258056608104838,279.95648087612904,5.826342702553763
2014-08-31,19.543410070040323,100335.58992072582,81.83333333333333,1.65139341572043,285.90698191205644,6.562129324051075
2014-09-30,20.569935747930558,100661.73281263889,80.10752047943055,1.4561788034902778,211.40108024694442,10.512480518329166
2014-10-31,18.77940668202957,100526.37793736559,74.25851254480241,1.6133422939059139,182.872311827957,5.2516277739247315
2014-11-30,18.72346736976389,101002.09563194445,44.176000927706944,1.7330383858930556,119.07376480120834,9.513173387352778
2014-12-31,14.861155913978495,100875.55218951612,63.43413978494624,1.6436827956989248,109.8991935483871,12.245095120173387
2015-01-31,15.146693548387097,100978.0480544758,71.91532258064517,1.5367933947768817,103.98422619053764,5.989451432123656
2015-02-28,15.933746154360119,101059.75988720238,56.234533841622024,1.7668900481547618,147.33885098986607,8.163287387346728
2015-03-31,14.708198924731182,100754.32820591399,76.57034050178764,2.0354614695336024,220.59199522096773,12.460770918149194
2015-04-30,14.920057870375,100618.2280775,77.16579861111111,1.823468045113889,285.76643518518057,7.8655788043138894
2015-05-31,15.901779347284947,100436.73630725806,81.07062469616936,1.8095800685416668,301.44061889830647,5.920181403352151
2015-06-30,17.473795874944443,100747.607859625,82.61913864231944,1.7880623482402778,278.40560011775,12.103304824999999
2015-07-31,19.388417996868277,100611.5667517473,84.36785399979838,1.6135081889892473,301.9907852582796,6.450958068825269
2015-08-31,20.084956648951614,100627.69428306451,82.64557267331989,1.6006720430107528,283.43926418650534,5.3524397892473115
2015-09-30,19.50753604497222,100389.18672944444,72.8418260059861,1.4801851851847223,244.33551587305556,12.556043933219444
2015-10-31,17.113536439663978,100480.52151182796,71.13241487455646,1.415625,164.02517921155913,5.252592278763441
2015-11-30,16.581245099694442,100690.13759595832,55.80323671148611,1.4859294204805555,131.41272777633333,8.489948078341667
2015-12-31,13.937096774193549,100980.4379327957,52.05510752688172,1.4388440860215055,112.61827956989248,15.332244848782258
2016-01-31,11.964135851021506,101069.24596693549,70.37561818590054,1.6549691843696237,135.6448743646774,7.521213197853494
2016-02-29,11.81658271987069,101083.99269238506,74.90311571741378,1.6912501614367814,159.22994963188216,4.516636816350575
2016-03-31,12.861278103615591,101120.68794395162,79.55193059629032,1.6165105354623654,213.03181003584677,15.089326445568549
2016-04-30,13.018198099411112,100627.39137656946,77.82586805555556,1.9559679406847221,286.3457602338764,6.526435028038889
2016-05-31,15.742273530940862,100851.89976491935,83.16583215314516,1.6795813263387098,296.2686169610215,4.569796661827957
2016-06-30,17.23612159258333,100570.67001388888,86.62375613725,1.6287181399291666,275.44352585593055,15.476547470833333
2016-07-31,20.07642826615591,100551.58417298386,81.58363375674732,1.6477209826357528,305.28521308870967,6.738441587215054
2016-08-31,18.502849933911293,100498.91215416667,82.89465764276882,1.6392176550336022,281.7780459961425,5.20251942016129
2016-09-30,20.63323286225,100452.06000694445,82.87391203704166,1.4616931216930555,209.93690476180555,16.70534085902778
2016-10-31,17.65954301075269,100760.27059946237,76.3622685185215,1.6098622311827957,187.07155017916668,6.820125075395162
2016-11-30,15.001375048947223,101012.21057569445,65.83219891568055,1.3065602152833333,155.92952988068055,8.794774218598612
2016-12-31,13.928897849462366,101395.0650782258,57.195228494623656,1.4888440860215055,111.15053763440861,14.806745232530915
2017-01-31,16.456151105873655,101298.83807594086,36.18319892473118,1.602873612204301,132.16814188307796,11.371646632274192
2017-02-28,16.15275715623512,101141.71629791668,56.76314832462798,1.6844853531294643,182.03837697297618,6.003970205575893
2017-03-31,15.542639092540321,101114.29004045698,50.00616039426076,2.131686827956989,226.0890830346505,12.860456412223117
2017-04-30,14.20510903995139,100793.68199875,73.9775696185,1.9606335282652778,243.75254629629165,8.081131193198612
2017-05-31,17.86023615784946,100619.31563530915,74.5864756191801,1.8394035506384407,304.003182981586,5.1637457981182795
2017-06-30,17.686287840416668,100559.0341511111,82.19580336948611,1.931211110113889,289.45183495602777,15.406592531393054
2017-07-31,20.00140438012097,100577.0835329301,83.16287129756721,1.7288289725766128,306.4069933920699,8.997085205237903
2017-08-31,21.1817732305914,100438.10140577955,80.25790757510752,1.5806451612903225,269.35503916219085,4.422097722576613
2017-09-30,20.35428791888889,100504.54692666668,79.27288319176388,1.4557291666666667,218.77124007930556,11.087167044040278
2017-10-31,21.0706538018414,100710.27286908601,63.74157706092339,1.3263709677419355,149.31869772997314,9.088158977834677
2017-11-30,16.727354808486112,101010.18035958333,68.7047977203375,1.4899491558263889,140.53475572194444,5.5523943783375005
2017-12-31,14.45,101197.44671223118,60.18279569892473,1.6620967741935482,118.15860215053763,12.560880423375
2018-01-31,17.30841845877688,101211.09328293012,45.54204038814516,1.5392923644677419,145.00860215053763,14.32582776075269
2018-02-28,11.497266252008929,101041.31684735118,64.81320224720238,2.136658975389881,207.8355905564286,4.191005933482143
2018-03-31,13.572922776142473,101077.29598763441,87.51295210165323,1.339896953405914,146.54121863790323,10.356489118153226
2018-04-30,14.774949439566667,100846.52557069444,77.05901864034722,1.6308329852416668,248.63215277777778,9.421434124318056
2018-05-31,17.73900489579301,100635.0364422043,76.32737528938172,1.868449213264785,280.3116322260887,6.653919676755376
2018-06-30,18.149468264694445,100663.06498847224,82.30077793713889,1.8366071856125,294.9464575102917,10.542512331266666
2018-07-31,20.443629534596774,100509.54784145163,82.748879735457,1.7730042767741934,293.67575526673386,9.503686155241935
2018-08-31,19.655865012083336,100556.91511908603,84.26747311827957,1.675231900533602,303.0149166534409,7.020098685874999
2018-09-30,20.817720980694446,100480.47474888888,76.84027116402777,1.529371141975,221.90055555555554,7.591461091376388
2018-10-31,21.12699932797043,100783.65371599463,71.0234318996371,1.4846236559139785,152.77437275981183,11.520628658333335
2018-11-30,17.090673243430555,100915.43194226388,64.19608229663889,1.3560020279583334,129.62385000358333,5.324932620416666
2018-12-31,15.816801075268819,101054.8279311828,75.12768817204301,1.7650537634408603,103.08198924731182,5.36122737672043
2019-01-31,13.223809172567204,101026.57256024193,58.742263309731186,1.6399050241680106,140.56282236204302,15.581810821916667
2019-02-28,12.603288021666666,101045.46746875,68.24219836811012,1.9599418138050595,187.4346742911518,5.670901722614583
2019-03-31,16.76894957639785,100924.6325626344,63.87253584229838,1.6439516129032257,201.27217741935485,7.294091171110215
2019-04-30,16.944101051233332,100858.72908416665,69.74996345029167,2.0125324074069444,251.58263888888888,13.971373784318056
2019-05-31,17.187163773844087,100643.50413436827,73.40840561763441,2.100346484657258,295.84700035385754,6.211674280913979
2019-06-30,18.410841494472223,100449.72534541666,84.32770439786111,1.7619250399430557,289.11775943406946,5.689922782920833
2019-07-31,20.643027707419353,100562.2181782258,84.90493416400538,1.7363873522688171,262.95902673936826,14.785383950944892
2019-08-31,22.671628169865592,100446.47345537634,79.70729984721774,1.5988030687701615,259.61064272737906,7.379012430372312
2019-09-30,20.81212867238889,100451.03683361111,76.24160870927777,1.6094775132277777,237.40159722222222,7.1083777986111105
2019-10-31,19.989024257553762,100488.50749475807,64.53898596176076,1.4222939068104838,177.09955197137097,14.315813953755377
2019-11-30,18.410909114333336,101038.59955583332,52.33594819870833,1.419755726101389,129.65961207200002,7.3612379524958325
2019-12-31,14.776881720430108,101005.34979354839,66.58237327189516,1.5694220430107528,91.52553763440861,7.684807015587365
2020-01-31,15.486067401008064,101043.31706497312,51.71355294544355,1.680546813532258,128.42068908991936,13.893972748370969
2020-02-29,14.16589984501437,100768.05307879309,78.29150523051725,1.9132434134051723,148.7437403138362,6.33368566566092
2020-03-31,14.715078201370968,100842.16819502688,67.83980938416667,1.7685035842298387,200.25425627244624,5.4908615981223114
2020-04-30,14.718628472222223,100824.70804708333,75.15618055555555,1.9511689814805555,271.4895833333333,15.860967128468054
2020-05-31,16.26386282401882,100595.81217620969,79.47328034838709,1.7328778519973118,270.5474694534946,7.422898021513441
2020-06-30,17.825005699166667,100578.95748569444,83.60423046705556,1.6989895696347221,281.11564549597085,3.635984632361111
2020-07-31,19.997613958978494,100592.44970833334,85.97920313201612,1.6822098976451612,272.11391061133065,15.2062256452957
2020-08-31,19.929217443655915,100732.08634408601,82.73852288989247,1.8047077765241935,249.87986532252688,8.456339173932797
2020-09-30,19.492537768041664,100333.5679905139,81.52115705931945,1.7441759259263887,228.08149911819444,3.6890706000180558
2020-10-31,19.56766203704301,100669.18106491936,56.505152329744625,1.548965053763441,184.56451612903226,15.661317518813172
2020-11-30,16.215588342831943,100729.87641625,72.07858002495833,1.3101426584305556,116.1396404918889,7.885211807361111
2020-12-31,14.314112903225807,101045.00618642473,60.92204301075269,1.5187692012298386,118.81317204301075,5.81640199081586
